구,PC방,가구 소매업,가발 소매업,가방 소매업,가스 충전소,가전제품 소매업,가전제품 수리업,가정용 연료 소매업,가죽/가방/신발 수선업,가축 사료 소매업,건강보조식품 소매업,건물 및 토목 엔지니어링 서비스업,건설/건축자재 소매업,건설기계/장비 대여업,건어물/젓갈 소매업,건축 설계 및 관련 서비스업,건축물 일반 청소업,결혼 상담 서비스업,경양식,경영 컨설팅업,고용 알선업,곡물/곡분 소매업,골프 연습장,곱창 전골/구이,공인노무사,공인회계사,광고 대행업,광고 매체 판매업,광고물 설계/제작업,교육컨설팅업,구내식당,국/탕/찌개류,국수/칼국수,그 외 기타 간이 음식점,그 외 기타 개인/가정용품 수리업,그 외 기타 교육기관,그 외 기타 상품 전문 소매업,그 외 기타 숙박업,그 외 기타 종합 소매업,기념품점,기숙사/고시원,기타 개인/가정용품 대여업,기타 건설/건축자재 소매업,기타 광고 관련 서비스업,기타 교육지원 서비스업,기타 기술/직업 훈련학원,기타 동남아식 전문,기타 법무관련 서비스업,기타 사무 지원 서비스업,기타 산업용 기계/장비 대여업,기타 서양식 음식점,기타 스포츠시설 운영업,기타 엔지니어링 서비스업,기타 여행 보조/예약 서비스업,기타 예술/스포츠 교육기관,기타 오락관련 서비스업,기타 오락장,기타 운송장비 대여업,기타 의류 소매업,기타 의원,기타 일식 음식점,기타 한식 음식점,기타 회계 관련 서비스업,김밥/만두/분식,꽃집,낚시터 운영업,남성 의류 소매업,내과/소아과 의원,냉면/밀면,네일숍,노래방,닭/오리고기 구이/찜,담배/전자담배 소매업,당구장,도시 계획 및 조경 설계 서비스업,독서실/스터디 카페,동물병원,돼지고기 구이/찜,떡/한과,레크리에이션 교육기관,마라탕/훠궈,마사지/안마,만화방,명함/간판/광고물 제작,모터사이클 및 부품 소매업,모터사이클 수리업,목욕탕/사우나,무도 유흥 주점,문구/회화용품 소매업,미술학원,미용실,바둑/장기/체스 경기 운영업,반찬/식료품 소매업,방사선 진단/병리 검사 의원,백반/한정식,버거,번역/통역 서비스업,법무사,베트남식 전문,벽지/장판/마루 소매업,변리사,변호사,복 요리 전문,복권 발행/판매업,복사업,볼링장,부동산 중개/대리업,분류 안된 외국식 음식점,뷔페,비디오방,빵/도넛,사무기기 소매업,사업/무형 재산권 중개업,사업시설 유지·관리 서비스업,사진기/기타 광학기기 소매업,사진촬영업,사회교육시설,산부인과 의원,"산업설비, 운송장비 및 공공장소 청소업",상용 인력 공급 및 인사관리 서비스업,생맥주 전문,생수/음료 소매업,서점,성형외과 의원,세무사,세탁소,셀프 빨래방,소고기 구이/찜,"소독, 구충 및 방제 서비스업",수산물 소매업,수상/해양 레저업,수영장,슈퍼마켓,스쿼시/라켓볼장,스포츠/레크리에이션 용품 대여업,시각 디자인업,시계/귀금속 소매업,시계/귀금속/악기 수리업,시장 조사 및 여론 조사업,신경/정신과 의원,신발 소매업,실/섬유제품 소매업,아이스크림 할인점,아이스크림/빙수,악기 소매업,안경렌즈 소매업,안과 의원,애완동물/애완용품 소매업,액세서리/잡화 소매업,약국,얼음 소매업,여관/모텔,여성 의류 소매업,여행사,예술품 소매업,예식장업,옥외/전시 광고 대행업,외과 의원,외국어학원,요가/필라테스 학원,요리 주점,요양병원,우유 소매업,운동용품 소매업,운전학원,유사 의료업,유아용 의류 소매업,음반/비디오물 대여업,음반/비디오물 소매업,음악학원,의료기기 소매업,의류 대여업,의류/이불 수선업,이비인후과 의원,인테리어 디자인업,일반 유흥 주점,일반병원,일식 면 요리,일식 카레/돈가스/덮밥,일식 회/초밥,임시/일용 인력 공급업,입시·교과학원,자동차 대여업,자동차 부품 소매업,자동차 세차장,자동차 정비소,자전거 소매업,장난감 소매업,장례식장,전/부침개,전기용품/조명장치 소매업,전문자격/고시학원,전시/컨벤션/행사 대행 서비스업,전자 게임장,정육점,제품 디자인업,조경 유지·관리 서비스업,족발/보쌈,종합 스포츠시설,종합병원,주류 소매업,주방/가정용품 소매업,주유소,중고 상품 소매업,중국집,직원 훈련기관,채소/과일 소매업,철물/공구 소매업,청소년 수련시설,체형/비만 관리,치과병원,치과의원,치킨,침구류/커튼 소매업,카페,캠핑/글램핑,컴퓨터 학원,컴퓨터/노트북/프린터 수리업,컴퓨터/사무기기 대여업,컴퓨터/소프트웨어 소매업,타이어 소매업,탁구장,태권도/무술학원,테니스장,토스트/샌드위치/샐러드,파스타/스테이크,패밀리레스토랑,패션/섬유/기타 전문 디자인업,펜션,편의점,포장/충전업,피부 관리실,피부/비뇨기과 의원,피자,한방병원,한복 소매업,한의원,해산물 구이/찜,핸드폰 소매업,핸드폰/통신장비 수리업,행정사,헬스장,호텔/리조트,화장터/묘지/납골당,화장품 소매업,환경 관련 엔지니어링 서비스업,횟집,총인구수,총가구수,가구당인구수,평균소득금액,포토부스 개수,위도,경도,임대료,학교 개수,대학교 개수,월_평균_소득_금액,소득_구간_코드,지출_총금액,식료품_지출_총금액,의류_신발_지출_총금액,생활용품_지출_총금액,의료비_지출_총금액,교통_지출_총금액,여가_지출_총금액,문화_지출_총금액,교육_지출_총금액,유흥_지출_총금액,월,당월_매출_금액,당월_매출_건수,주중_매출_금액,주말_매출_금액,월요일_매출_금액,화요일_매출_금액,수요일_매출_금액,목요일_매출_금액,금요일_매출_금액,토요일_매출_금액,일요일_매출_금액,시간대_00~06_매출_금액,시간대_06~11_매출_금액,시간대_11~14_매출_금액,시간대_14~17_매출_금액,시간대_17~21_매출_금액,시간대_21~24_매출_금액,남성_매출_금액,여성_매출_금액,연령대_10_매출_금액,연령대_20_매출_금액,연령대_30_매출_금액,연령대_40_매출_금액,연령대_50_매출_금액,연령대_60_이상_매출_금액,주중_매출_건수,주말_매출_건수,월요일_매출_건수,화요일_매출_건수,수요일_매출_건수,목요일_매출_건수,금요일_매출_건수,토요일_매출_건수,일요일_매출_건수,시간대_건수~06_매출_건수,시간대_건수~11_매출_건수,시간대_건수~14_매출_건수,시간대_건수~17_매출_건수,시간대_건수~21_매출_건수,시간대_건수~24_매출_건수,남성_매출_건수,여성_매출_건수,연령대_10_매출_건수,연령대_20_매출_건수,연령대_30_매출_건수,연령대_40_매출_건수,연령대_50_매출_건수,연령대_60_이상_매출_건수
강남구,79,171,10,132,10,96,74,7,43,3,303,188,22,16,11,1219,249,179,978,5307,279,5,211,72,112,228,3192,45,465,409,132,323,209,116,77,246,82,2,74,59,231,75,15,122,574,328,13,12,76,75,36,37,241,80,135,80,123,20,964,80,10,22,6,621,240,0,216,124,35,408,222,58,56,106,102,263,84,635,53,84,63,90,2,222,17,13,51,8,130,156,1501,3,140,12,2390,77,140,203,171,23,381,597,14,38,48,7,3620,2,14,1,462,32,311,197,11,1311,28,50,27,78,180,21,73,521,1368,299,30,71,42,23,6,5,388,8,19,661,248,9,155,45,107,49,6,30,17,182,30,147,116,485,2,85,645,438,281,51,82,58,205,644,827,10,2,207,13,88,57,1,16,125,117,181,171,21,520,286,23,45,57,789,188,1194,63,48,89,213,21,40,23,17,38,26,669,4,64,205,10,69,23,3,96,253,41,74,371,134,59,83,6,83,11,280,315,72,2102,1,46,140,30,89,3,11,65,67,70,57,7,183,38,891,20,765,419,354,8,44,131,119,200,34,138,409,77,4,848,69,178,727192,297919,2.484193548387097,12300.953548387097,32.0,37.51721546513164,127.035698181364,64.67142857142856,77,0.0,3329119878,7.87593984962406,5373903030514.0,1249994747522.0,671045881890.0,416167138419.0,611275149358.0,947787316316.0,222262676305.0,160880255074.0,861983011138.0,232506854492.0,2.4210526315789473,56280753841517,1698684908,43857179477508,12423574364009,8330545062594,8783713644483,8486863216809,8745619658788,9510437894834,7976820247432,4446754116577,1144365606788,5536897646218,14614472341847,14558096731744,15926840391150,4500081123770,23387422524268,26785823571353,315346974928,8222732063033,12118415840409,13203178965785,10071577984059,6242026215241,1346268784,352416124,261628905,267805663,267239111,270998566,278596539,207859415,144556709,50906073,252286743,485460921,336199058,434571457,139260650,809629197,783222948,32816915,400716500,437568336,342230785,239682674,139835936
강동구,61,34,4,35,3,49,96,5,17,1,127,43,9,12,19,126,138,7,126,250,56,3,67,56,6,7,198,4,53,28,20,183,119,70,66,34,38,4,24,26,105,37,12,16,46,71,5,0,11,25,4,13,32,12,41,13,29,6,406,13,3,8,2,326,77,1,53,37,29,194,225,58,21,98,18,98,49,310,50,31,33,52,10,93,9,17,17,9,56,60,937,5,111,4,747,37,9,38,44,50,3,10,2,40,12,2,1004,1,18,0,252,14,18,46,8,135,5,10,26,13,94,12,36,8,88,135,34,35,23,22,0,3,333,1,5,96,61,2,9,6,72,15,1,17,3,84,4,75,48,243,2,69,258,63,16,3,8,19,35,167,440,2,1,70,5,12,37,0,1,74,78,12,54,8,200,126,2,12,24,171,32,344,25,30,34,172,43,18,13,11,32,1,67,9,87,23,9,54,7,5,9,60,18,49,133,12,78,106,2,26,1,82,241,57,747,0,5,67,17,24,2,10,50,37,27,19,1,18,7,382,9,221,52,152,8,8,44,88,146,10,17,130,3,1,188,13,95,476478,191113,2.556842105263158,6056.718947368421,5.0,37.542221863425,127.12866892591,56.1,60,0.0,1448545564,6.465263157894737,4572765457933.0,1195847013956.0,556712668478.0,336828528605.0,590213243765.0,750732498706.0,180745326328.0,137107381810.0,633137023028.0,191441773257.0,2.4210526315789473,12600205115926,557268920,9447262594620,3152942521306,1860743552265,1849464944260,1848985675940,1834771215418,2053297206737,1992282575808,1160659945498,318505022714,1288502293969,2993417913555,3165897155981,3833161513113,1000721216594,6030615070329,5896822464157,76968469326,1241426465239,2085369088161,3199993276759,2781384234876,2542309885091,409666414,147602506,82324127,79948799,80510269,80255752,86627467,85994475,61608031,20956680,70170552,124172173,123290538,164963588,53715389,291813457,255484813,10721451,95672750,113365566,122241287,108008961,97288621
강북구,42,27,0,18,4,30,86,8,5,0,58,5,2,3,18,83,119,5,76,106,33,2,23,50,4,8,131,1,33,14,11,161,79,44,48,23,48,2,19,12,45,19,10,8,25,63,3,0,10,12,9,7,12,9,18,2,36,3,287,4,1,7,0,236,36,4,35,25,19,152,264,44,25,81,6,40,25,262,51,14,18,30,6,55,7,30,20,5,38,15,694,8,95,1,673,21,8,19,17,26,0,9,1,35,6,5,589,0,3,3,136,5,9,19,3,93,2,2,12,4,108,7,26,3,61,105,22,27,18,12,0,0,264,1,5,68,50,2,4,4,47,12,2,11,0,49,4,46,41,164,1,127,146,40,7,2,5,10,4,74,419,2,3,24,1,12,16,0,3,25,50,6,43,1,162,100,1,12,8,97,22,124,4,15,41,129,15,18,9,9,29,2,32,12,57,9,0,63,2,1,4,44,9,53,103,5,59,63,4,15,1,40,194,39,510,0,0,55,6,30,1,7,37,8,14,17,1,15,4,283,6,167,29,86,1,6,16,65,116,9,9,62,4,2,118,3,58,319573,140244,2.282857142857143,3587.5157142857142,6.0,37.62586139484225,127.0262233533565,37.25,34,2.0,1906439257,5.454428754813864,5885684673545.0,1609199666130.0,702033564411.0,424344566640.0,808265741439.0,947006932774.0,212803729757.0,177437044162.0,759898802238.0,244694625994.0,2.4210526315789473,8069877498633,368468562,5963295306016,2106582192617,1180492100802,1176644697366,1154699310167,1156029320695,1295429876986,1298855431440,807726761177,289187784160,850716088997,1759218844132,1971861877484,2462561547588,736331356272,3944525010732,3786283633712,47997238603,1012880707747,1296112585255,1743759372673,1860358927318,1769692600742,269787910,98680652,54889994,52584233,52323395,52492313,57497975,57649192,41031460,16849498,46685588,74564192,80484587,110148471,39736226,192897652,171556252,5467232,68074015,69310667,75631994,76654338,69314790
강서구,73,61,6,33,17,64,106,8,19,0,163,76,5,12,27,254,166,13,193,816,80,7,90,57,38,26,634,11,109,47,47,252,130,62,51,80,50,0,37,31,62,50,13,26,79,128,7,6,36,30,13,29,93,32,44,32,63,5,423,14,6,16,0,451,73,4,72,41,26,285,299,62,32,107,12,102,45,448,63,47,55,53,4,90,20,9,34,4,74,59,1056,7,119,4,1146,57,28,50,63,51,18,29,4,56,14,12,1319,2,13,0,320,25,38,70,1,229,8,11,20,39,137,10,47,9,258,201,51,46,30,56,2,4,398,3,8,218,73,0,21,7,59,11,3,24,6,96,7,105,43,252,0,97,253,280,11,9,18,21,21,269,642,1,4,70,7,15,42,1,3,98,83,12,58,7,275,166,6,27,31,276,51,386,67,49,88,272,27,29,13,4,45,2,123,13,89,84,5,65,5,4,8,96,35,57,211,28,76,87,2,50,4,85,319,52,1041,0,6,111,22,68,8,10,62,43,34,32,7,48,19,591,18,406,57,206,6,4,54,106,197,16,46,170,17,5,351,31,83,993742,423156,2.3439393939393938,5025.340909090909,10.0,37.5364589888242,126.843979791872,28.7,80,4.0,2823685450,6.512352309344791,10385963703989.0,2631769076898.0,1253600267626.0,756668630839.0,1311215732631.0,1750613792570.0,394450570289.0,306429901849.0,1547511075973.0,433704655314.0,2.4210526315789473,16313770851952,749725139,12338729310501,3975041541451,2445469796066,2424539743147,2427956631181,2409729886222,2631033253885,2538062828177,1436978713274,565265581758,1995288920444,3795031633356,3965294690855,4668748896992,1324141128547,7872014408487,7080390251589,77427423463,1752438295613,3106688630535,3714795849473,3314737600857,2986324721995,555564900,194160239,112148698,108268816,108512030,109317089,117318267,114015435,80144804,30490454,102039013,163709069,157337784,217928068,78220751,389722416,338413050,11073122,140131407,181072775,159164160,128963459,107730788
관악구,90,39,2,26,2,48,96,2,17,1,100,31,9,2,10,128,191,5,158,277,48,3,39,56,9,9,249,6,35,45,20,211,96,65,67,49,40,8,26,12,300,29,6,8,64,97,5,3,5,15,19,19,41,5,35,20,65,6,359,9,2,10,1,374,48,2,69,21,31,207,279,61,37,75,5,245,28,337,63,32,45,55,4,68,25,36,19,3,48,36,927,9,88,0,914,40,28,49,50,69,8,29,2,59,36,1,993,1,4,2,198,3,15,37,0,158,2,9,16,6,173,9,42,5,81,237,70,33,22,25,1,3,354,2,2,145,73,7,9,11,58,6,3,20,8,79,3,59,37,219,0,93,173,60,15,4,7,11,25,162,569,1,1,39,3,14,19,1,2,64,55,9,55,6,210,219,2,21,21,199,26,223,8,20,48,146,13,20,6,11,37,14,54,15,78,31,4,61,3,1,5,62,15,64,183,10,88,102,2,36,0,57,284,39,812,0,9,67,16,37,3,10,46,31,25,31,2,11,19,458,9,238,40,165,1,9,22,97,148,19,28,129,9,0,189,6,81,502641,259822,1.9933333333333334,5059.693333333334,11.0,37.482681450054855,126.940164197813,65.75,55,1.0,1921323652,5.980085348506401,7620100071386.0,1992685423135.0,942227606293.0,579213522142.0,963599175083.0,1214784538840.0,287890603323.0,249372922293.0,1055988743214.0,334337537063.0,2.4210526315789473,12328566663722,660895448,9015363636504,3313203027218,1774398103665,1791957745112,1732175582593,1759686712692,1957145492442,1994012648211,1319190379007,517019830616,1115113562629,2510913117144,2798694272766,4028924754161,1357901126406,6159638289670,5770084470787,88430067512,2542106387714,2581588816433,2308847262253,2322265750254,2086494041769,475245028,185650420,95833269,92689446,93159167,93139604,100423542,104202241,81448179,37773658,73238506,120044687,128706046,212248705,88883845,362616224,292668268,10675567,195047729,156186743,106000751,102927737,84447136
광진구,55,49,2,44,3,94,83,6,12,1,100,36,6,6,11,218,147,8,162,298,56,3,34,57,7,7,240,7,59,32,22,169,90,57,84,48,38,2,31,23,107,29,7,14,63,97,2,3,17,18,13,24,41,12,52,15,75,2,299,14,3,8,0,308,61,1,47,13,27,196,321,62,21,88,8,83,28,316,43,23,38,45,4,116,31,21,17,2,47,37,788,4,75,1,767,39,10,41,42,40,3,26,0,41,38,2,888,0,3,4,221,10,20,36,21,236,4,7,13,13,131,9,24,3,88,143,37,27,26,15,2,1,270,0,14,169,71,1,11,7,76,10,3,22,10,75,2,57,44,183,0,69,218,83,21,7,9,17,31,169,480,0,5,47,3,14,23,3,5,51,55,11,55,7,179,59,3,18,22,197,35,198,30,28,28,116,36,26,8,6,34,4,83,6,65,26,5,50,4,2,10,69,21,48,199,15,46,74,1,19,3,47,224,35,801,0,3,57,22,142,0,9,27,23,27,23,3,33,15,402,11,207,36,123,3,1,28,61,364,15,35,112,5,1,183,13,77,353967,160944,2.215333333333333,5643.548666666667,18.0,37.540168589968495,127.07093603487533,43.26666666666667,42,4.0,2024589042,6.264580369843528,6492078657600.0,1711950812859.0,790816647675.0,483786066412.0,830725113068.0,1060184316165.0,236965297497.0,204717484721.0,893090567927.0,279842351276.0,2.4210526315789473,12408440569966,563732362,9073490101891,3334950468075,1808210142083,1706310203415,1804225713925,1775927380225,1978816662243,2009710071394,1325240396681,407233664770,1035895860481,2673239159348,3124392129428,3963584378010,1204095377929,5934797570728,5431176676522,115358093959,2200900865273,2233983115337,2560525548032,2484826535900,1770394895607,408397028,155335334,82120782,79092155,79996056,80366775,86821260,89187189,66148145,25683332,66258038,113466799,116152025,174819947,67352221,290409240,262372825,11818727,159291111,121976129,100717835,94159807,64817882
구로구,52,42,1,31,4,71,89,12,9,0,117,86,4,9,13,153,111,15,77,664,96,4,59,46,39,41,458,10,84,50,29,185,113,52,35,54,54,0,29,19,86,33,11,17,73,74,8,2,15,11,8,10,152,19,13,20,36,2,295,15,5,11,0,306,37,2,65,35,28,148,273,57,22,73,14,53,29,283,42,22,56,37,1,107,9,16,19,0,62,22,695,26,91,1,819,35,24,41,35,43,18,34,3,50,11,5,700,4,5,0,176,17,29,67,11,93,9,0,10,25,181,13,29,4,155,107,20,36,23,14,0,3,424,0,5,131,54,2,10,2,66,20,0,19,7,72,3,35,39,181,0,113,215,150,12,5,12,8,22,132,434,6,5,47,2,8,35,0,4,42,66,8,49,1,177,77,6,19,20,126,51,169,18,37,48,142,19,32,10,5,53,4,71,14,54,60,3,45,2,1,6,118,27,57,299,49,56,93,2,43,1,44,241,37,603,0,11,71,19,87,3,12,25,23,19,17,3,51,8,368,14,171,21,119,0,12,19,70,391,14,54,92,10,3,217,34,78,497932,206687,2.4266666666666667,3995.732222222223,6.0,37.4951939156691,126.844904068063,47.1,54,3.0,2058230310,6.28393351800554,5707804640963.0,1552699397024.0,682429765539.0,412898069954.0,760524737934.0,909040772002.0,213550724827.0,173116896647.0,768564228321.0,234980048715.0,2.4210526315789473,12906430259230,555743052,10510331159564,2396099099666,2081997448195,2103370191221,2050926424846,2054858448012,2219178647290,1498504125140,897594974526,262427307290,1716572431807,3364154665835,3418292162056,3259161932565,885821759677,6510070108159,4765764487273,47203200263,1215924319268,2037082537119,2922639984478,2934563346045,2118413725089,429259008,126484044,86920304,83612870,84141315,85032953,89551566,74590651,51893393,17924803,81873333,134928958,115868436,154707567,50439955,295661748,239567663,7445548,104266334,128758050,115512089,99544953,79702681
금천구,37,31,3,27,2,45,75,5,6,1,81,187,7,8,20,233,118,9,40,1388,75,6,38,34,31,39,921,13,144,64,45,173,77,27,46,48,35,0,21,10,36,30,7,25,67,65,3,11,24,24,5,10,411,13,12,12,31,3,397,8,1,10,1,261,27,1,103,21,14,86,180,36,12,67,29,40,13,249,26,15,39,20,2,172,10,16,13,3,58,20,500,2,66,3,662,24,71,34,37,41,48,18,1,28,5,4,808,6,9,0,111,17,40,83,6,98,8,3,18,35,89,4,25,1,253,92,24,25,16,9,0,0,256,2,10,360,45,1,16,1,86,23,1,12,5,44,2,55,33,129,2,65,227,141,12,0,11,8,15,48,308,1,3,74,1,10,28,0,2,26,46,4,68,2,289,97,1,11,14,96,59,73,19,19,44,147,9,17,16,3,33,8,119,9,47,255,4,36,0,2,2,59,13,36,169,33,49,59,3,21,1,29,149,28,553,1,11,85,44,71,3,8,19,13,18,10,2,168,0,321,48,101,10,87,0,0,18,39,170,22,43,64,8,0,147,76,50,249419,115254,2.2350000000000003,4208.728,0.0,37.4771021273998,126.898289307994,31.2,33,0.0,910719908,5.692520775623269,3060068723856.0,843578019413.0,368140026796.0,224018588494.0,415975057444.0,486661997878.0,114487584422.0,94451579212.0,384813297474.0,127942572723.0,2.4210526315789473,22277376726726,616949998,15011346693820,7266030032906,2832296827607,2933057860414,2984447300825,2976839286965,3284705418009,3975897552526,3290132480380,193928178006,1980690374862,6027703201106,7268560677491,6068376951363,738117343898,10597838741160,10524099235134,53711831900,2263850135489,4421373557116,4766516425009,5466483421976,4149991019358,453180373,163769625,89058090,88678742,89301125,90598256,95544160,90312322,73457303,12039150,85334869,169375431,148997179,166039454,35163915,313979999,283858909,4466510,114200357,153498689,128845585,115504830,81322560
노원구,59,40,6,34,8,37,60,6,8,0,70,22,2,0,4,70,78,6,101,121,34,4,64,66,6,3,114,2,30,35,26,147,99,53,40,36,27,1,29,13,53,19,5,8,34,74,3,1,9,5,15,17,24,8,22,6,38,3,327,11,5,12,0,308,48,1,78,19,15,161,234,64,14,89,7,135,41,258,51,23,24,32,5,50,7,10,18,8,53,42,670,2,86,0,647,47,0,41,36,28,1,15,3,36,28,5,505,0,5,1,229,8,14,11,1,106,3,10,8,4,111,4,40,12,31,89,25,28,22,15,0,3,302,2,4,44,50,1,2,2,70,12,3,24,8,79,5,51,41,205,1,34,323,54,10,3,8,13,27,154,287,4,2,34,5,14,37,2,0,68,66,5,44,4,168,76,2,18,27,142,14,373,12,16,39,116,21,14,12,5,28,2,48,7,54,20,2,54,8,3,5,52,20,31,131,8,43,66,1,16,3,61,276,35,656,0,5,51,5,18,5,14,51,30,27,27,5,8,3,324,5,209,50,126,2,3,33,72,114,13,14,109,1,0,190,7,74,511982,204210,2.5373684210526317,3808.1968421052634,14.0,37.6610577421447,127.073630157913,26.2,93,6.0,1905724261,6.475232198142415,4942022564953.0,1353560850896.0,591694164147.0,346499813947.0,665852226703.0,776053416103.0,181506887387.0,147888597790.0,675017130961.0,203949477019.0,2.4210526315789473,12449239424814,574732710,8911951903335,3537287521479,1716120496897,1753679235738,1832048528373,1724370223192,1885733419135,2107899039037,1429388482442,281551918132,1061293507754,2892070442429,3317540398691,3970799835003,925983322805,5593310610987,6478836221105,109278351329,1360444007904,1877582151799,3436205011098,3182795657383,2105872120333,416594386,158138324,82749622,81274113,84258636,81238133,87073882,90298159,67840165,18286342,67965727,127710254,135099038,174307590,51363759,282391970,286253682,16091039,111163618,100592726,135579753,122783069,82435029
도봉구,31,15,5,9,5,45,60,1,9,0,62,10,2,2,11,49,80,2,47,83,27,4,32,46,3,0,84,0,20,13,12,123,73,40,51,20,19,2,16,6,22,11,4,5,15,60,1,0,4,5,10,4,7,2,15,4,26,3,176,8,3,7,0,203,30,0,18,14,21,116,163,35,17,75,0,51,24,202,45,13,10,21,2,48,5,10,19,1,32,22,577,0,81,0,441,22,5,62,17,23,1,69,0,24,3,3,424,0,6,0,134,8,7,15,3,58,1,0,7,1,99,7,20,0,43,71,27,16,19,10,0,1,258,0,0,41,31,1,2,2,20,5,0,12,2,48,1,49,28,109,1,25,88,26,6,2,4,8,4,86,232,2,2,42,1,8,15,1,0,30,30,3,30,0,156,49,4,9,9,83,11,155,10,18,31,132,14,8,7,4,34,2,32,12,59,7,3,33,3,1,1,38,17,24,76,3,50,52,2,17,1,21,188,31,400,0,2,31,11,23,6,8,31,17,10,4,1,8,1,244,10,90,8,72,3,0,7,58,106,4,4,60,2,0,100,3,59,315979,128378,2.455714285714286,3728.1692857142853,1.0,0.0,0.0,0.0,46,1.0,1589651310,5.748355263157895,4872637148022.0,1341900096606.0,581249256774.0,345042963145.0,672873200829.0,778106001512.0,174647692960.0,145475413319.0,630586897634.0,202755625243.0,2.4210526315789473,6638296059710,337144700,5004549085385,1633746974325,1001232029440,1000481126351,986855755619,951578295386,1064401878589,990357698532,643389275793,153762759427,718747218278,1570734927284,1817881311917,1888299359173,488870483631,3369536709829,3046493478946,45616775235,575118081751,929922838894,1484135117708,1672766877622,1708464869850,248260351,88884349,50883014,48569995,48204908,48645613,51956821,51414582,37469767,12485402,46176465,70715640,75522388,98951243,33293562,177636666,156179682,7433972,54074731,60711162,69689644,74098111,67808546
동대문구,43,39,4,30,5,58,91,13,14,0,197,24,8,16,33,92,90,4,127,192,36,10,28,66,2,5,132,2,32,33,12,191,99,46,42,40,138,11,32,32,133,27,9,10,57,46,5,0,9,17,12,12,40,5,25,12,44,4,315,9,3,18,0,304,32,1,83,14,29,133,181,67,31,80,2,83,28,293,40,27,34,29,2,110,26,41,19,2,50,26,681,8,105,3,893,38,7,13,44,38,4,13,2,57,42,5,802,0,11,2,176,18,17,34,4,149,9,5,13,5,88,7,37,3,120,151,38,25,21,32,1,2,390,0,6,77,54,4,6,3,64,22,5,11,4,69,3,49,37,267,4,127,218,58,79,3,6,15,28,112,358,3,1,33,3,19,21,2,8,41,47,6,49,4,132,107,3,20,20,137,31,170,20,127,36,219,17,10,15,10,41,2,42,13,61,16,1,51,2,3,8,95,25,81,165,11,120,89,2,19,2,57,219,44,705,0,3,58,13,20,22,13,23,12,23,20,2,37,21,386,25,140,19,115,1,3,33,75,117,5,10,91,8,0,148,4,78,382701,175516,2.1966666666666668,3750.812,2.0,37.59501329034935,127.0476199892875,43.650000000000006,47,4.0,2735989146,6.191950464396285,6645277461004.0,1796676928229.0,805460602320.0,489732249564.0,889092304903.0,1040499970308.0,249076436527.0,208350780336.0,884564119263.0,281824069554.0,2.4210526315789473,18799097713719,686691288,14331007318293,4468090395426,2805971406176,2908330884851,2781002679184,2840583975538,2995118372544,2819416284419,1648674111007,441725362972,3648860588204,5378140402250,5154942220592,3394210802644,781218337057,8693209051027,8882620918876,56818132278,1327503732420,2336151843585,3212234456839,4122061125098,6521070011661,501198260,185493028,99651189,98364912,98303359,99923103,104955697,108046555,77446473,22203411,105119569,181017400,173629383,156363395,48358130,353594368,317532075,8200827,118074257,105371179,113534173,134858773,191087838
동작구,52,35,1,11,1,35,45,5,4,0,65,20,5,15,15,68,90,8,105,173,18,0,24,42,5,5,147,1,31,34,17,119,88,61,39,44,20,8,19,15,295,26,2,6,32,67,3,0,8,17,8,8,30,6,32,11,24,1,148,6,0,8,1,273,54,1,10,9,14,117,152,46,23,51,5,132,22,222,51,21,26,31,5,57,6,14,17,2,48,31,640,4,50,1,556,35,13,33,35,22,2,7,2,43,34,1,702,0,5,1,171,4,11,23,0,128,6,10,6,3,104,3,27,4,57,134,33,18,8,110,0,0,237,1,5,93,37,2,8,9,21,9,1,17,3,61,5,35,26,170,0,34,111,41,15,4,9,13,24,121,308,2,3,23,4,7,7,1,1,36,41,6,43,5,145,55,6,12,22,134,20,218,7,15,17,73,10,8,6,5,19,30,53,4,42,18,5,42,4,2,5,41,12,30,125,10,50,58,2,12,1,39,199,34,609,0,5,45,16,21,0,10,35,19,27,12,1,17,9,331,5,170,29,127,1,4,32,51,94,8,9,80,3,2,100,2,107,496392,220922,2.2455555555555557,5343.321666666667,6.0,37.500711816310556,126.965002378821,35.349999999999994,44,3.0,1733027099,6.875243664717349,4413559095050.0,1145694312901.0,540508789057.0,331104581518.0,561717197779.0,722559493589.0,165172501431.0,139100511108.0,616722718474.0,190978989193.0,2.4210526315789473,24050413003005,719461817,15170628153999,8879784849006,2744596595294,2817115611992,2870230596461,2975301923264,3763383426988,5494866176414,3384918672592,615895593586,3070484464414,5249149398907,5911923371167,7847580961372,1355379213559,12763097409633,9061904921314,85054089947,2663485862999,4366615885147,4709379692058,4968608073916,5031853501540,497892556,221569261,96982883,95780614,96370229,97463492,111295338,131583076,89986185,23302899,95215706,157045063,160968464,220309924,62619760,385143778,313361379,10107447,157084093,145602184,127802476,134383910,123524840
마포구,35,48,7,55,1,48,50,18,6,1,90,55,5,13,8,366,131,20,618,947,62,2,49,63,35,14,875,15,200,83,49,220,145,100,61,136,51,2,54,59,94,61,10,37,161,210,11,5,26,57,22,22,75,53,119,48,83,9,394,13,14,7,0,444,145,0,75,23,17,292,197,53,30,64,20,89,40,451,36,61,48,53,6,144,20,11,16,9,92,91,1021,0,83,1,1320,45,61,63,113,35,17,79,2,39,31,5,1128,6,8,3,440,10,64,62,7,614,16,9,11,21,170,12,92,12,233,142,38,42,16,22,4,3,287,0,19,692,64,4,54,13,41,13,5,21,25,103,1,74,95,189,3,62,224,509,86,9,28,10,54,262,927,2,3,49,8,20,20,1,18,93,34,18,41,4,326,128,2,50,44,551,59,333,22,17,42,106,26,45,18,10,27,5,277,8,35,167,7,50,9,0,23,114,15,43,273,55,45,69,1,19,2,62,255,34,1972,1,22,83,26,50,1,8,33,26,48,44,4,127,421,542,13,354,74,255,1,3,50,87,107,19,53,149,14,3,265,46,108,978899,440754,2.2404878048780485,5402.360243902439,26.0,37.55230421407887,126.92634917112676,52.625,46,2.0,3210452782,7.136618141097425,7191072847472.0,1809079256243.0,878706982404.0,526335512406.0,883473589392.0,1182747972833.0,267874941698.0,222664856601.0,1111389704335.0,308800031560.0,2.4210526315789473,17316752904657,824982613,12846764541321,4469988363336,2423009286623,2531051743207,2515604318692,2532600301854,2844498890945,2769817267126,1700171096210,598870705105,1452580902225,3833613277447,3960864201703,5548779330620,1922044487557,7558538354090,8147251387360,218392534815,4039566244727,3593487528344,3272407032618,2821784113530,1760149387899,610869039,214113574,119714075,119502745,119548929,121427667,130675623,125035523,89078051,33260457,99733305,193858002,174831659,239013375,84285814,382515752,411831452,17657916,254770599,193957085,143504111,114038634,70418143
서대문구,41,63,0,30,1,31,42,9,3,0,69,9,5,7,10,104,69,3,174,302,22,5,22,43,1,4,204,7,50,48,33,118,76,60,38,42,27,10,21,28,116,22,5,13,67,102,7,1,12,13,12,8,38,11,21,19,32,2,246,4,3,9,1,292,53,1,42,15,15,96,102,41,20,53,4,75,23,246,40,27,35,21,6,64,15,13,14,5,55,31,574,3,63,2,702,33,23,13,40,31,2,20,1,19,34,5,612,0,2,1,184,6,13,36,3,191,9,4,10,3,61,5,31,2,44,116,24,12,8,12,0,3,234,0,6,192,51,1,10,3,42,7,3,15,3,56,3,43,40,148,0,84,173,155,47,1,10,12,18,125,380,3,1,22,2,9,17,0,3,46,22,22,49,4,143,53,6,21,21,146,23,219,4,15,23,86,10,9,10,6,24,4,89,4,37,31,2,42,5,2,18,47,19,24,144,10,39,68,2,7,1,46,188,20,682,0,8,35,9,28,2,7,27,16,24,25,3,22,46,341,6,117,23,130,2,4,21,45,77,6,2,73,8,0,119,4,41,574873,264348,2.2534615384615386,4359.3138461538465,14.0,37.5631740311778,126.947807434256,47.5,40,9.0,2738599889,7.077021822849807,4835212933294.0,1240370562382.0,592071142615.0,352337012415.0,618699079113.0,792919253434.0,183934573380.0,147552201992.0,699975411052.0,207353696911.0,2.4210526315789473,7482968219087,371987715,5738987650117,1743980568970,1138582395500,1137372112111,1127067538369,1126232157280,1209733446857,1091482851449,652497717521,194140072325,727591334575,1791088802977,1791059104728,2316399912029,662688992453,3421891425218,3633566115338,73050610970,1346642584591,1197629212488,1551280229357,1546813439434,1340041713611,280937834,91049881,56206498,55574591,55194518,55809366,58152861,53707816,37342065,12825845,47210262,87790353,79519497,107929176,36712582,174406317,190467913,8796895,108536308,68573384,63763768,64586815,50616738
서초구,41,120,6,77,6,101,69,10,16,1,193,170,6,37,9,1001,171,50,340,2551,173,1,97,44,74,97,1388,22,222,219,76,198,134,58,54,172,78,7,47,96,130,74,12,43,386,224,8,14,43,35,11,20,190,44,86,29,35,13,457,30,1,8,2,402,216,0,99,66,21,188,199,40,31,97,77,101,47,306,44,48,22,58,4,137,15,12,29,8,98,90,703,12,71,6,1218,47,84,669,79,22,158,2546,7,32,39,6,2118,2,7,1,281,30,147,141,8,441,25,27,27,64,111,18,59,144,751,184,29,48,20,8,2,2,274,1,17,371,122,20,92,23,102,19,0,19,96,103,21,80,82,264,1,33,630,272,125,9,40,32,95,414,399,6,5,101,5,51,64,2,10,115,74,17,84,14,332,111,5,24,31,316,106,543,38,39,113,208,25,39,11,12,35,18,357,1,60,116,10,47,17,6,42,102,39,51,220,106,38,68,6,34,5,145,193,149,1209,0,23,98,36,138,3,13,51,49,40,23,6,49,32,527,1,366,142,174,3,10,77,81,150,13,171,232,16,2,379,32,108,530300,211934,2.5530434782608693,10494.49,16.0,37.48949225691905,127.01651861004049,40.0,50,5.0,2909437190,8.256778309409889,4047846641995.0,931097652362.0,504480839717.0,304819812247.0,470836486813.0,723878653405.0,171597257267.0,115677401358.0,652556158867.0,172902379959.0,2.4210526315789473,24663186325973,881155948,19976147874236,4687038451737,3870812123339,4050892480435,3895603360260,3869904814632,4288935095570,3100842499366,1586195952371,449549540388,2765612206417,7015377897269,6057795143429,6483280191220,1891571347250,10518262623496,10880666508826,117011267203,2730389315508,4394325344065,5807344482060,4750464504923,3599393064642,702251771,178904177,138802027,140101548,139039566,139784766,144523864,105921618,72982559,23443999,133522178,267554648,172188625,215388015,69058482,436880042,381605339,14992492,178817074,205237986,185881127,138556476,94999973
성동구,31,34,1,37,3,37,45,15,20,0,65,89,6,8,7,358,82,11,294,706,44,4,44,52,11,16,544,13,111,53,33,129,92,58,44,54,26,5,29,24,71,23,4,25,45,99,1,3,13,22,12,5,100,17,37,13,24,2,241,12,0,8,1,251,64,0,37,12,18,131,131,34,23,51,33,40,23,291,30,28,24,24,2,191,21,24,12,1,48,22,540,3,56,0,773,31,20,30,70,23,17,19,2,29,27,3,752,1,5,0,206,10,41,45,1,295,5,7,14,13,72,10,19,1,235,104,17,28,20,10,2,1,239,0,7,306,47,1,26,7,90,22,0,12,0,52,1,57,51,126,2,57,154,83,38,3,21,9,18,160,315,1,1,33,2,10,18,1,0,29,41,7,40,3,219,67,7,22,23,185,31,145,39,53,72,267,20,16,5,6,43,2,178,2,55,122,4,50,3,1,10,59,18,25,116,36,33,58,2,5,1,35,174,23,803,2,5,48,18,46,21,10,20,13,24,11,1,150,6,296,14,138,24,141,0,9,30,57,107,10,18,86,5,0,175,28,51,423057,184464,2.2817391304347825,4731.8,15.0,37.5625980706971,127.032785493547,45.0,41,1.0,2790474980,6.979192166462668,5247705603535.0,1378279166896.0,640882532096.0,387949126387.0,675580012858.0,837207124302.0,194733047934.0,165763272098.0,739976502471.0,227334818493.0,2.4210526315789473,9255013691224,625126853,7224601854372,2030411836852,1373092319305,1404979174207,1446539319762,1445383329027,1554607712071,1260932921785,769478915067,241950485564,939137281173,2312513017386,2286500856359,2645838409852,829073640890,4293310021928,3828659423380,73273275923,1524609719455,1669120749465,1721028157104,1706509137914,1427396481083,487661777,137465076,98993299,97602212,96693800,97000401,97372065,75701239,61763837,24521904,93109199,150195431,130016722,162334689,64948908,310782894,295780026,25634074,222938138,121080791,93914290,89303982,53691179
성북구,40,35,4,27,2,31,81,16,10,0,76,20,3,3,13,109,74,3,147,139,20,3,29,57,1,2,133,2,32,25,31,144,108,68,62,49,31,8,24,19,90,19,12,10,39,73,0,1,11,15,14,5,26,5,31,12,28,3,303,12,2,10,0,300,47,2,46,18,24,135,137,49,25,76,7,96,30,260,60,28,29,22,6,65,23,30,23,1,64,31,761,3,61,0,721,44,15,12,38,40,0,13,1,40,34,5,713,0,0,1,210,6,13,19,2,163,4,6,15,2,82,10,38,6,49,164,30,28,14,21,0,3,325,2,3,118,54,1,8,4,51,23,3,20,4,80,3,50,44,181,1,65,195,54,45,6,5,8,25,148,376,2,0,25,4,12,18,1,3,55,36,4,50,3,169,48,4,16,26,145,21,261,8,16,36,123,13,9,9,4,34,2,76,3,58,25,1,46,2,1,15,56,24,36,135,11,52,86,3,16,1,43,242,50,799,0,4,48,10,26,1,9,42,13,29,24,1,35,21,355,14,187,16,126,2,10,33,63,88,6,7,85,2,0,141,5,62,1016302,464338,2.19843137254902,3950.2062745098037,11.0,37.5921061821567,127.02184546803,53.3,60,7.0,2770671512,6.5733482642777155,6369029038882.0,1707709012984.0,768178585340.0,459365944183.0,838146582741.0,1007727232980.0,229552513142.0,196996887009.0,890088741359.0,271263539144.0,2.4210526315789473,7691144902160,437459197,5795485529468,1895659372692,1154876023573,1147679338998,1134993374407,1131061942753,1226874849737,1196304696577,699354676115,230361891628,782546181598,1752131936724,1805021140626,2400942357666,720141393918,3674148584432,3649890313180,92186978029,1140219958687,1192976937722,1783688351455,1706057585539,1408919824802,329142180,108317017,66986997,64956223,64597031,64774723,67827206,63686561,44630456,17468587,57424006,97122758,94190468,126205927,45047449,222309007,208911390,13548253,112690546,78862922,85363714,82119605,58636178
송파구,77,114,2,54,7,97,84,4,19,0,193,260,14,17,32,726,165,15,342,1126,88,4,139,74,40,39,564,8,114,83,64,266,174,104,75,108,65,1,41,40,138,58,16,29,92,142,7,3,22,45,18,37,222,13,74,33,75,6,794,32,7,14,2,539,123,2,123,51,35,306,413,68,24,121,78,168,73,449,86,48,44,88,7,149,18,16,27,1,124,96,1198,7,119,7,1348,64,36,105,97,52,53,177,2,44,27,7,1711,2,4,0,375,32,95,93,7,258,14,9,28,28,158,14,50,14,504,281,41,64,34,50,1,11,431,6,19,268,113,6,23,16,138,25,6,32,11,134,9,112,66,364,2,71,453,162,46,7,32,26,56,394,603,7,7,123,6,30,58,1,11,126,94,10,107,7,348,163,9,29,51,351,70,535,37,53,73,248,42,26,20,9,51,5,238,5,108,95,7,69,6,2,36,121,38,55,214,62,102,109,7,50,4,121,334,61,1386,1,11,92,30,62,3,13,54,82,46,30,8,75,23,638,10,419,76,260,7,8,57,112,207,17,67,265,16,6,380,48,142,692167,282766,2.519285714285714,7312.896071428571,12.0,37.504245536522895,127.10042059874301,32.5,89,1.0,1884284020,6.981851179673321,5456531172743.0,1335650704747.0,666753187494.0,398448256397.0,662131189772.0,949252613226.0,207783868254.0,159812299692.0,842378619409.0,234320433752.0,2.4210526315789473,30967021999405,1093645373,23404172190526,7562849808879,4590066976691,4590314760079,4553004084875,4558843983633,5111942385248,4751900086193,2810949722686,2347288880900,3706310165942,6821520494903,7345905228407,8275961603393,2470035625860,14512296900040,13141430495858,129157643190,3221262212700,5970225834737,7144634863226,6025880488895,5162545161453,812628036,281017337,161848986,159028720,159188751,159727599,172833980,165042964,115974373,57805863,149810002,245091023,232218462,304962154,103757869,555473767,489561114,16922145,207967470,253956611,232280003,186340697,147565778
양천구,37,36,2,24,6,26,60,16,4,1,112,10,3,11,18,70,102,5,82,177,29,4,50,32,1,6,122,2,41,40,18,144,97,45,37,44,29,0,28,21,42,21,9,11,44,53,8,4,4,14,5,8,26,5,44,13,22,5,307,12,1,8,0,293,62,2,48,22,13,154,213,32,16,74,2,131,44,223,64,27,30,37,1,71,9,20,20,4,57,58,790,1,85,1,580,38,13,100,27,35,2,86,0,33,9,2,657,1,1,0,218,7,10,31,1,95,7,5,7,6,86,6,45,5,91,128,28,21,20,18,0,4,283,0,7,57,58,1,5,5,60,7,4,16,11,88,3,55,33,172,0,17,230,58,11,2,7,15,34,177,327,1,2,55,1,17,24,1,0,79,49,3,39,5,146,47,2,11,20,117,22,644,14,26,42,175,23,11,10,12,24,9,40,6,82,18,3,46,6,2,11,43,28,49,112,12,70,78,3,13,3,61,240,47,583,0,6,48,12,25,5,14,41,26,20,14,6,10,3,296,5,193,39,118,3,5,40,52,116,4,32,115,1,0,153,3,54,439068,168184,2.6205555555555557,4539.065555555555,6.0,37.5304364108361,126.870989288343,35.1,64,0.0,2113829483,6.391812865497076,6557735547230.0,1694415052932.0,791537529886.0,465167533782.0,842371469348.0,1079615143635.0,249851947462.0,192365899551.0,969860464742.0,272550505892.0,2.4210526315789473,9482453695523,422217662,7156804008032,2325649687491,1456376737151,1408643673323,1386230962847,1382249928855,1523302705856,1482054363631,843595323860,216543948836,966104097137,2075483524150,2393219349274,3043834195251,787268580875,4556201671464,4552900069255,66085448825,748936925892,1411404827626,3038895725166,2235779202009,1607995922356,312417954,109799708,63458675,61024139,60921828,61120062,65893250,64834912,44964796,14140369,54309729,91822726,93158053,127315829,41470956,219667321,195591439,12348448,63352983,79596501,105156848,88716354,66086927
영등포구,53,32,4,83,5,82,109,12,7,2,131,98,11,57,18,237,159,21,183,2015,140,12,80,50,73,85,722,11,128,71,75,313,175,76,52,99,69,12,42,22,121,39,6,39,103,148,6,11,21,56,11,15,125,24,46,46,121,25,493,17,5,12,2,370,87,0,137,28,35,160,323,52,48,93,21,68,29,402,52,28,54,63,2,337,17,27,24,4,82,44,766,10,127,6,1401,44,73,59,69,39,19,94,5,60,14,6,1091,9,11,2,240,30,80,98,7,213,14,9,38,39,242,15,41,11,445,116,34,54,33,20,6,1,470,1,24,266,81,4,119,11,123,15,3,22,6,94,2,53,54,253,1,188,367,335,57,16,29,19,17,206,560,3,6,81,3,25,46,1,6,48,72,10,73,5,225,197,7,23,28,315,119,184,25,53,83,214,28,31,25,13,32,7,189,16,62,115,5,60,5,5,20,86,32,46,493,73,55,118,4,58,1,92,239,44,1153,1,9,98,43,74,3,9,36,29,49,29,6,64,19,525,10,225,49,182,3,17,36,88,190,22,146,140,20,7,276,31,113,1068790,499245,2.1923255813953486,4277.224186046512,6.0,37.527924453125294,126.9053381353155,35.6,44,0.0,3461613101,6.64519056261343,6404353573129.0,1765289587985.0,768862061339.0,473256594998.0,853894192989.0,1007971093667.0,232775133143.0,200933274728.0,832026287503.0,269345346777.0,2.4210526315789473,23991019887764,885469945,19491430853430,4499589034334,3713429632191,3887432108613,3863260756704,3880904634310,4146403721612,2785808673543,1713780360791,536131083138,3478464924098,6482575925651,5796507819955,5900442694485,1796897440437,11294941740014,8730482486398,73047064260,2519519139974,4136697838625,4754526627361,4569882716070,3971743990009,687235932,198234013,134994590,135982185,135388934,137007546,143862677,115170621,83063392,24128389,140804840,241945818,178641201,226670675,73279021,455066333,382236255,8292494,177590597,219536745,176649256,146360172,108872503
용산구,16,42,2,83,0,121,53,6,14,0,50,12,3,2,8,167,65,4,642,471,23,1,22,25,2,13,280,5,64,47,50,104,62,46,33,56,26,3,13,64,30,15,8,16,56,66,1,2,15,12,14,4,34,14,18,13,12,2,428,12,6,7,3,253,107,0,75,14,14,81,77,22,27,32,5,37,25,233,20,11,17,12,4,66,23,22,23,4,60,13,410,4,53,0,769,30,23,9,107,19,4,20,1,19,9,3,828,2,1,0,217,13,14,26,26,255,3,2,12,5,78,11,44,5,97,100,14,18,11,7,1,1,247,0,4,191,65,4,13,3,81,11,1,11,8,50,1,42,87,115,0,73,211,101,156,4,9,5,35,151,478,0,1,39,1,9,26,1,7,30,23,8,38,1,179,105,2,20,17,246,29,79,8,8,33,82,13,38,7,6,26,1,125,4,31,53,6,32,4,1,21,68,19,88,125,22,23,51,3,7,0,31,133,33,840,2,3,64,11,275,0,3,13,17,23,10,2,60,177,292,9,110,22,145,0,10,16,38,132,4,22,62,12,2,137,7,64,535759,244362,2.211081081081081,5550.348108108108,8.0,37.53681940539687,126.97465413814,47.03333333333333,34,2.0,2362893980,7.363486842105263,3795343054875.0,954245356048.0,470047114884.0,294901284313.0,474856475729.0,646639031294.0,154065343928.0,116675904957.0,520184714568.0,163727829154.0,2.4210526315789473,28379931307717,439671407,22629314374569,5750616933148,4510974539414,4469552479651,4476451882314,4478796566626,4693538906564,3424107627689,2326509305459,428965488926,2778180299984,7631520454884,10006566052287,6408439012356,1126259999280,12687473750866,7904383552030,94407232683,2666324550469,4154806096770,6158155230367,4735047229563,2783110739147,327401421,112269986,64484434,64035021,63964814,64990520,69926632,64680833,47589153,21070693,53985866,109818967,98814858,115480140,40500883,226726446,183431563,6060184,103476663,104138677,79000440,67794271,49687558
은평구,46,44,2,31,3,36,90,4,5,0,97,19,4,2,18,109,137,5,103,167,24,5,26,55,1,5,153,2,46,30,12,156,103,69,55,53,43,3,26,29,50,19,16,14,49,64,3,0,6,14,7,11,22,13,30,15,29,2,358,11,1,10,0,313,38,1,56,21,24,156,197,46,25,84,3,70,39,303,50,31,20,38,4,92,13,17,19,4,40,38,942,5,84,0,729,32,15,25,37,51,1,5,0,47,7,5,1028,0,11,1,232,10,21,24,0,128,11,8,14,5,115,4,25,4,45,161,42,25,29,11,0,1,294,0,4,124,68,5,5,2,74,12,2,24,11,72,1,68,28,205,1,61,196,66,31,0,5,14,19,136,455,2,2,69,3,13,40,0,1,49,55,9,66,3,205,109,5,24,17,124,22,264,5,22,49,127,17,14,11,7,37,0,58,16,59,19,4,57,5,2,4,47,21,49,132,14,54,87,3,18,2,64,258,45,650,2,4,67,6,35,1,22,40,13,18,23,2,10,28,389,6,186,35,133,1,5,39,82,111,8,16,89,2,1,181,6,84,463102,192581,2.4006250000000002,4255.108125,9.0,37.61463901364395,126.925380151354,40.599999999999994,66,1.0,2574663639,5.912280701754386,10352524414950.0,2605107480532.0,1256226492694.0,751648560602.0,1319126719463.0,1775971986466.0,394862733660.0,301015499969.0,1512227169749.0,436337771815.0,2.4210526315789473,8654884680141,425978905,6461564280296,2193320399845,1294344421392,1285760403011,1237560545429,1262529995888,1381368914576,1389693591345,803626808500,282769569800,1060812998319,1883282505404,2081327114594,2567700971044,778991520980,4159966734210,4117737864354,75753673782,949334061162,1346736052327,1936339019487,2035766734614,1933785958935,312919067,113059838,63493706,61349152,60779398,61411730,65885081,66645337,46414501,18838840,54430835,85803224,91797152,128053195,47055659,218797567,201903415,10897397,77795862,80835096,89400867,86441371,75330924
종로구,28,24,3,70,1,64,54,6,12,1,75,16,2,2,4,276,69,18,365,627,55,5,21,46,13,22,290,8,74,56,56,199,167,76,47,87,73,15,44,173,106,18,9,16,132,155,7,4,17,14,4,12,49,64,25,22,32,1,370,10,4,6,2,320,88,3,51,12,23,68,85,31,30,77,18,35,11,298,28,21,13,33,4,202,14,14,17,2,112,23,310,6,66,1,1248,37,52,33,112,18,15,120,10,33,35,8,595,4,6,4,194,4,34,37,14,234,16,8,8,9,130,6,68,3,181,73,5,44,10,5,1,6,323,2,4,192,661,126,29,8,93,232,3,8,119,60,2,38,159,175,0,182,223,625,452,4,10,9,31,90,600,2,1,54,2,15,14,0,11,26,71,66,79,7,119,184,1,18,22,230,24,72,5,8,10,30,3,19,9,11,53,7,176,3,18,68,2,31,3,15,21,99,10,126,175,39,33,56,2,18,4,50,151,85,1202,1,19,38,11,20,0,1,9,10,36,17,3,86,200,316,14,94,23,115,3,105,28,66,60,15,43,63,36,2,108,8,107,798134,384047,2.0872043010752686,5500.653548387097,15.0,37.578966066894296,126.99187665343399,62.65,36,9.0,2291208423,6.919590643274854,3235486928091.0,863085676062.0,395203938928.0,239712740475.0,423378598166.0,513079454618.0,121761542826.0,101590961889.0,438660691162.0,139013323965.0,2.4210526315789473,17613584810066,602079822,13847457480633,3766127329433,2670537578287,2732646095019,2744258221555,2762150555007,2937865030765,2353583990225,1412543339208,280944422801,1584185605029,5162995426215,4881879192114,4519570091279,1184010072628,8123327793618,6902870488715,79096456109,2327222135759,3099622883696,3291164421771,3293018517559,2935762239537,459869274,142210548,87512176,90514711,92324199,92976957,96541231,83468650,58741898,14781422,83596801,176762944,133353517,148776298,44808840,295747470,270070741,8292670,140353109,140593165,113107929,94158629,69310479
중구,19,109,3,216,0,73,42,5,45,0,96,18,4,2,36,165,49,19,291,616,60,4,31,53,27,25,477,10,568,47,71,210,135,67,65,60,85,12,42,121,96,10,6,22,68,60,10,2,26,27,7,7,33,84,8,15,14,11,1353,21,2,8,1,344,79,0,256,20,29,83,93,49,46,82,11,22,16,309,25,10,30,43,1,1068,41,31,18,4,99,10,352,1,70,5,1206,27,51,220,101,43,13,108,9,35,28,5,658,3,5,1,177,15,44,61,81,208,9,8,8,39,133,7,40,7,300,53,11,32,10,12,1,1,438,1,4,287,152,6,51,11,249,56,1,10,3,186,2,32,262,163,2,176,975,888,93,3,22,12,13,67,365,1,4,87,1,12,106,1,29,24,26,9,99,6,88,178,0,23,22,222,35,37,19,8,24,33,3,23,13,9,53,2,120,3,28,60,5,41,3,6,33,298,12,125,207,34,35,79,6,8,3,83,143,67,1005,3,2,43,10,28,0,1,6,19,31,12,3,122,183,408,156,120,53,104,1,22,31,52,135,9,79,54,79,2,275,11,86,429256,206010,2.082093023255814,5987.035232558139,7.0,37.563909126530305,126.9871266281294,80.6,30,2.0,1111425818,6.959752321981425,1740373365648.0,444644453217.0,216621298753.0,135712099368.0,220841586695.0,289260500264.0,71831010139.0,54378504754.0,231736474982.0,75347437476.0,2.4210526315789473,22114986162357,776955880,18075592152379,4039394009978,3416987452223,3614533678112,3579081666842,3657524431447,3807464923755,2719287030118,1320106979860,340922702842,2622405828161,6718592823542,5986747669515,5072565605480,1373751532817,9546851979365,8991154925249,87359341744,2453107794927,3876949064657,4132686926612,4102950189908,3884934036245,634872294,142083586,122850640,126704310,126131806,128568911,130616627,86593961,55489625,20112286,135201659,245773300,161550916,164656403,49661316,383245985,341276813,6881844,165694959,195144252,151974977,120127851,84699170
중랑구,53,38,2,22,4,60,127,12,9,0,110,31,4,5,21,80,161,4,77,156,47,5,28,78,6,4,159,1,33,20,13,176,115,48,63,27,33,2,27,10,51,13,12,12,32,58,2,1,5,13,7,5,19,7,18,4,32,3,293,12,0,11,0,246,38,2,20,20,24,160,318,50,27,101,3,50,30,328,48,14,19,35,1,107,21,32,18,3,44,17,815,6,74,0,686,26,7,16,28,50,0,13,1,41,11,4,676,0,6,0,169,9,11,27,4,129,4,6,21,4,163,10,15,0,41,144,41,30,27,18,1,0,349,2,3,81,55,2,2,6,50,16,1,17,8,72,3,60,34,168,0,94,207,32,9,0,5,9,5,99,419,5,3,29,4,9,13,1,1,45,54,3,37,5,207,92,3,19,11,115,19,120,11,33,59,176,22,10,11,14,32,2,53,13,70,22,1,46,2,3,3,59,19,47,103,12,70,94,1,10,1,55,223,35,547,0,2,79,20,27,3,8,27,10,20,15,1,28,4,321,23,179,18,94,1,8,20,84,166,8,7,66,1,1,161,7,92,385663,167617,2.305625,3855.08,4.0,37.5967689425268,127.086032901906,46.5,48,2.0,1822522292,5.434547908232119,6491699625194.0,1841441720016.0,768068719360.0,467461942755.0,913468761180.0,1006702268442.0,233332443784.0,200851850722.0,795655769873.0,264716149062.0,2.4210526315789473,10097154158392,471081566,7355911458823,2741242699569,1462352706925,1439518124428,1426705501436,1422735479019,1604599647015,1618413480130,1122829219439,279069876781,1046139339878,2230382496841,2410928134422,3220908025334,909726285136,4964682620810,4789322194731,72849625329,1193758684415,1707557288171,2148146033187,2437066346079,2194631362896,343010644,128070922,69675127,66804241,66495153,67393663,72642460,73747277,54323645,19484454,57557873,92955137,100599565,148300030,52184507,247955926,217652536,9242006,86530845,96155867,92182223,98676557,82821021
