상가업소번호,상호명,상권업종대분류코드,상권업종대분류명,상권업종중분류코드,상권업종중분류명,상권업종소분류코드,상권업종소분류명,표준산업분류코드,표준산업분류명,시군구코드,시군구명,행정동코드,행정동명,법정동코드,법정동명,지번코드,지번주소,도로명코드,도로명,도로명주소,구우편번호,신우편번호,경도,위도,시,구,동,그외주소,구_동,학교,술집,노래방,다른 포토부스 개수
MA010120220805486370,하루필름,M1,과학·기술,M113,사진 촬영,M11301,사진촬영업,S96999,그 외 기타 달리 분류되지 않은 개인 서비스업,11440,마포구,11440690,망원1동,1144012300,망원동,1144012300103990036,서울특별시 마포구 망원동 399-36,114403113024,서울특별시 마포구 포은로,서울특별시 마포구 포은로 87,121821,4015,126.905095308749,37.5548150292421,서울특별시,마포구,망원동,399-36,마포구 망원동,35,225,45,0
MA010120220807103991,하루필름,M1,과학·기술,M113,사진 촬영,M11301,사진촬영업,S96999,그 외 기타 달리 분류되지 않은 개인 서비스업,11500,강서구,11500603,가양1동,1150010500,마곡동,1150010500107940001,서울특별시 강서구 마곡동 794-1,115003115001,서울특별시 강서구 강서로,서울특별시 강서구 강서로 385,157805,7803,126.838284382893,37.5600783011571,서울특별시,강서구,마곡동,794-1,강서구 마곡동,52,221,39,0
MA010120220807117753,스튜디오앳,M1,과학·기술,M113,사진 촬영,M11301,사진촬영업,M73302,상업용 사진 촬영업,11440,마포구,11440660,서교동,1144012000,서교동,1144012000103840009,서울특별시 마포구 서교동 384-9,114404139418,서울특별시 마포구 양화로11길,서울특별시 마포구 양화로11길 68,121839,4035,126.913011969271,37.5520949607962,서울특별시,마포구,서교동,384-9,마포구 서교동,33,849,87,0
MA010120220808009151,하루필름,M1,과학·기술,M113,사진 촬영,M11301,사진촬영업,M73301,인물 사진 및 행사용 영상 촬영업,11440,마포구,11440660,서교동,1144012000,서교동,1144012000103660019,서울특별시 마포구 서교동 366-19,114403113015,서울특별시 마포구 어울마당로,서울특별시 마포구 어울마당로 75,121893,4042,126.92128839809,37.5518555025972,서울특별시,마포구,서교동,366-19,마포구 서교동,43,974,78,0
MA010120220808511358,포토이즘박스,M1,과학·기술,M113,사진 촬영,M11301,사진촬영업,M73301,인물 사진 및 행사용 영상 촬영업,11305,강북구,11305635,수유3동,1130510300,수유동,1130510300101920035,서울특별시 강북구 수유동 192-35,113054124141,서울특별시 강북구 도봉로87길,서울특별시 강북구 도봉로87길 32,142878,1072,127.024145543069,37.6390520615216,서울특별시,강북구,수유동,192-35,강북구 수유동,30,287,173,0
MA010120220809366167,포토이즘박스,M1,과학·기술,M113,사진 촬영,M11301,사진촬영업,M73301,인물 사진 및 행사용 영상 촬영업,11200,성동구,11200660,성수1가2동,1120011400,성수동1가,1120011400106850423,서울특별시 성동구 성수동1가 685-423,112004109318,서울특별시 성동구 서울숲2길,서울특별시 성동구 서울숲2길 17-2,133825,4768,127.040723978408,37.5471736288453,서울특별시,성동구,성수동1가,685-423,성동구 성수동1가,39,114,15,0
MA010120220810382027,하루필름,M1,과학·기술,M113,사진 촬영,M11301,사진촬영업,S96999,그 외 기타 달리 분류되지 않은 개인 서비스업,11110,종로구,11110540,삼청동,1111014300,화동,1111014300101180000,서울특별시 종로구 화동 118,111104100112,서울특별시 종로구 북촌로5길,서울특별시 종로구 북촌로5길 24,110230,3055,126.98362183365,37.5795298997609,서울특별시,종로구,화동,118,종로구 화동,58,219,11,0
MA010120220811661546,포토이즘컬러드,M1,과학·기술,M113,사진 촬영,M11301,사진촬영업,M73301,인물 사진 및 행사용 영상 촬영업,11440,마포구,11440660,서교동,1144012000,서교동,1144012000103580048,서울특별시 마포구 서교동 358-48,114404139458,서울특별시 마포구 와우산로21길,서울특별시 마포구 와우산로21길 36,121838,4040,126.921981414207,37.5524565180965,서울특별시,마포구,서교동,358-48,마포구 서교동,42,994,78,0
MA010120220811900672,포토이즘박스,M1,과학·기술,M113,사진 촬영,M11301,사진촬영업,M73301,인물 사진 및 행사용 영상 촬영업,11410,서대문구,11410585,신촌동,1141011600,창천동,1141011600100130009,서울특별시 서대문구 창천동 13-9,114104136067,서울특별시 서대문구 명물길,서울특별시 서대문구 명물길 26,120833,3777,126.938235560335,37.5578748908068,서울특별시,서대문구,창천동,13-9,서대문구 창천동,79,362,67,0
MA010120220812869486,포토이즘,M1,과학·기술,M113,사진 촬영,M11301,사진촬영업,M73301,인물 사진 및 행사용 영상 촬영업,11215,광진구,11215710,화양동,1121510700,화양동,1121510700100470081,서울특별시 광진구 화양동 47-81,112154112316,서울특별시 광진구 아차산로29길,서울특별시 광진구 아차산로29길 19,143917,5018,127.068358061907,37.5418264016476,서울특별시,광진구,화양동,47-81,광진구 화양동,50,414,137,0
MA010120220813628642,인생네컷,M1,과학·기술,M113,사진 촬영,M11301,사진촬영업,S96999,그 외 기타 달리 분류되지 않은 개인 서비스업,11215,광진구,11215710,화양동,1121510700,화양동,1121510700100050072,서울특별시 광진구 화양동 5-72,112154112320,서울특별시 광진구 아차산로33길,서울특별시 광진구 아차산로33길 14,143914,5017,127.07020247513,37.5409218663542,서울특별시,광진구,화양동,5-72,광진구 화양동,58,408,136,0
MA010120220813705218,포토시그니처,M1,과학·기술,M113,사진 촬영,M11301,사진촬영업,S96999,그 외 기타 달리 분류되지 않은 개인 서비스업,11470,양천구,11470640,신정3동,1147010100,신정동,1147010100111830003,서울특별시 양천구 신정동 1183-3,114703005068,서울특별시 양천구 중앙로,서울특별시 양천구 중앙로 267,158864,8073,126.852558989394,37.5200767643635,서울특별시,양천구,신정동,1183-3,양천구 신정동,59,113,59,0
MA010120220813777365,미스터포토,M1,과학·기술,M113,사진 촬영,M11301,사진촬영업,M73301,인물 사진 및 행사용 영상 촬영업,11305,강북구,11305595,번1동,1130510200,번동,1130510200104630019,서울특별시 강북구 번동 463-19,113054124568,서울특별시 강북구 한천로134길,서울특별시 강북구 한천로134길 10-3,142868,1056,127.028477901339,37.6396104166742,서울특별시,강북구,번동,463-19,강북구 번동,21,294,182,0
MA0101202211A0060020,스튜디오앳,M1,과학·기술,M113,사진 촬영,M11301,사진촬영업,M73301,인물 사진 및 행사용 영상 촬영업,11650,서초구,11650652,양재2동,1165010200,양재동,1165010200102780013,서울특별시 서초구 양재동 278-13,116504163094,서울특별시 서초구 논현로17길,서울특별시 서초구 논현로17길 11,137895,6775,127.045092613789,37.4761158507762,서울특별시,서초구,양재동,278-13,서초구 양재동,42,136,57,0
MA0101202210A0006052,그믐달셀프스튜디오,M1,과학·기술,M113,사진 촬영,M11301,사진촬영업,M73301,인물 사진 및 행사용 영상 촬영업,11215,광진구,11215710,화양동,1121510700,화양동,1121510700100050029,서울특별시 광진구 화양동 5-29,112154112320,서울특별시 광진구 아차산로33길,서울특별시 광진구 아차산로33길 40,143914,5017,127.070676705451,37.5419167562543,서울특별시,광진구,화양동,5-29,광진구 화양동,67,403,134,0
MA010120220800032256,우리동네사진관,M1,과학·기술,M113,사진 촬영,M11301,사진촬영업,M73303,사진 처리업,11110,종로구,11110615,종로1.2.3.4가동,1111013500,관철동,1111013500100160005,서울특별시 종로구 관철동 16-5,111103100013,서울특별시 종로구 종로,서울특별시 종로구 종로 70,110111,3189,126.985156376254,37.5699019669231,서울특별시,종로구,관철동,16-5,종로구 관철동,51,689,66,0
MA010120220803557704,포토하임,M1,과학·기술,M113,사진 촬영,M11301,사진촬영업,S96999,그 외 기타 달리 분류되지 않은 개인 서비스업,11440,마포구,11440660,서교동,1144012000,서교동,1144012000103460001,서울특별시 마포구 서교동 346-1,114403113015,서울특별시 마포구 어울마당로,서울특별시 마포구 어울마당로 128,121837,4055,126.924277318773,37.5557121892527,서울특별시,마포구,서교동,346-1,마포구 서교동,44,1098,79,0
MA010120220803634128,모션픽쳐,M1,과학·기술,M113,사진 촬영,M11301,사진촬영업,M73301,인물 사진 및 행사용 영상 촬영업,11200,성동구,11200650,성수1가1동,1120011400,성수동1가,1120011400106850696,서울특별시 성동구 성수동1가 685-696,112004109318,서울특별시 성동구 서울숲2길,서울특별시 성동구 서울숲2길 32-14,133923,4769,127.042893398502,37.5456684606712,서울특별시,성동구,성수동1가,685-696,성동구 성수동1가,38,133,24,0
MA010120220804028805,스튜디오,M1,과학·기술,M113,사진 촬영,M11301,사진촬영업,M73301,인물 사진 및 행사용 영상 촬영업,11680,강남구,11680565,청담동,1168010400,청담동,1168010400100110012,서울특별시 강남구 청담동 11-12,116804166300,서울특별시 강남구 도산대로78길,서울특별시 강남구 도산대로78길 25,135949,6063,127.046608190161,37.5223252469289,서울특별시,강남구,청담동,11-12,강남구 청담동,30,477,23,0
MA010120220804024035,더필름,M1,과학·기술,M113,사진 촬영,M11301,사진촬영업,M73301,인물 사진 및 행사용 영상 촬영업,11680,강남구,11680531,논현2동,1168010800,논현동,1168010800100820021,서울특별시 강남구 논현동 82-21,116804166791,서울특별시 강남구 학동로31길,서울특별시 강남구 학동로31길 18,135818,6052,127.031883971575,37.5157899763678,서울특별시,강남구,논현동,82-21,강남구 논현동,23,360,35,0
MA010120220805035635,하루필름,M1,과학·기술,M113,사진 촬영,M11301,사진촬영업,M73301,인물 사진 및 행사용 영상 촬영업,11305,강북구,11305635,수유3동,1130510300,수유동,1130510300102240015,서울특별시 강북구 수유동 224-15,113054124027,서울특별시 강북구 노해로8길,서울특별시 강북구 노해로8길 29,142878,1072,127.024209377922,37.638502958819,서울특별시,강북구,수유동,224-15,강북구 수유동,34,294,174,0
MA0101202302A0025074,제이에스스튜디오,M1,과학·기술,M113,사진 촬영,M11301,사진촬영업,M73301,인물 사진 및 행사용 영상 촬영업,11380,은평구,11380560,구산동,1138010500,구산동,1138010500103090018,서울특별시 은평구 구산동 309-18,113804133109,서울특별시 은평구 서오릉로25가길,서울특별시 은평구 서오릉로25가길 3-4,122806,3424,126.905435315594,37.6174129487956,서울특별시,은평구,구산동,309-18,은평구 구산동,29,21,7,0
MA0101202303A0077497,포토그레이,M1,과학·기술,M113,사진 촬영,M11301,사진촬영업,M73301,인물 사진 및 행사용 영상 촬영업,11530,구로구,11530540,구로3동,1153010200,구로동,1153010200111240037,서울특별시 구로구 구로동 1124-37,115304148338,서울특별시 구로구 디지털로32나길,서울특별시 구로구 디지털로32나길 16,152880,8391,126.900547687578,37.4837435814543,서울특별시,구로구,구로동,1124-37,구로구 구로동,39,226,106,0
MA0101202305A0020315,더필름,M1,과학·기술,M113,사진 촬영,M11301,사진촬영업,M73301,인물 사진 및 행사용 영상 촬영업,11500,강서구,11500603,가양1동,1150010500,마곡동,1150010500107970001,서울특별시 강서구 마곡동 797-1,115002005007,서울특별시 강서구 공항대로,서울특별시 강서구 공항대로 247,157805,7803,126.834810474319,37.5592962102715,서울특별시,강서구,마곡동,797-1,강서구 마곡동,42,210,32,0
MA0101202303A0053455,사진촬영업,M1,과학·기술,M113,사진 촬영,M11301,사진촬영업,M73303,사진 처리업,11650,서초구,11650530,서초3동,1165010800,서초동,1165010800114710016,서울특별시 서초구 서초동 1471-16,116504163192,서울특별시 서초구 명달로4길,서울특별시 서초구 명달로4길 81,137868,6712,127.010296942066,37.4809475185203,서울특별시,서초구,서초동,1471-16,서초구 서초동,47,75,16,0
MA0101202305A0107800,포토이즘박스,M1,과학·기술,M113,사진 촬영,M11301,사진촬영업,M73301,인물 사진 및 행사용 영상 촬영업,11215,광진구,11215710,화양동,1121510700,화양동,1121510700100180026,서울특별시 광진구 화양동 18-26,112154112202,서울특별시 광진구 동일로30길,서울특별시 광진구 동일로30길 51,143916,5008,127.070210528195,37.5475626769045,서울특별시,광진구,화양동,18-26,광진구 화양동,49,361,109,0
MA0101202303A0015531,픽닷,M1,과학·기술,M113,사진 촬영,M11301,사진촬영업,M73301,인물 사진 및 행사용 영상 촬영업,11215,광진구,11215710,화양동,1121510700,화양동,1121510700100470072,서울특별시 광진구 화양동 47-72,112154112316,서울특별시 광진구 아차산로29길,서울특별시 광진구 아차산로29길 15,143917,5018,127.068270010036,37.5416274756053,서울특별시,광진구,화양동,47-72,광진구 화양동,48,420,137,0
MA0101202305A0089659,이미지팩토리,M1,과학·기술,M113,사진 촬영,M11301,사진촬영업,M73301,인물 사진 및 행사용 영상 촬영업,11380,은평구,11380510,녹번동,1138010200,녹번동,1138010200101220003,서울특별시 은평구 녹번동 122-3,113804133066,서울특별시 은평구 녹번로7길,서울특별시 은평구 녹번로7길 22-2,122832,3377,126.928931070387,37.6069333196834,서울특별시,은평구,녹번동,122-3,은평구 녹번동,39,121,63,0
MA0101202305A0052447,비비드뮤지엄,M1,과학·기술,M113,사진 촬영,M11301,사진촬영업,M73301,인물 사진 및 행사용 영상 촬영업,11680,강남구,11680640,역삼1동,1168010100,역삼동,1168010100106190002,서울특별시 강남구 역삼동 619-2,116804166003,서울특별시 강남구 강남대로102길,서울특별시 강남구 강남대로102길 20,135908,6128,127.0272859862,37.5022544172394,서울특별시,강남구,역삼동,619-2,강남구 역삼동,29,564,89,0
MA0101202305A0069970,폴라스튜디오,M1,과학·기술,M113,사진 촬영,M11301,사진촬영업,M73301,인물 사진 및 행사용 영상 촬영업,11590,동작구,11590620,사당1동,1159010700,사당동,1159010700110380051,서울특별시 동작구 사당동 1038-51,115904157164,서울특별시 동작구 동작대로7길,서울특별시 동작구 동작대로7길 56,156826,7025,126.979157594442,37.4785110278423,서울특별시,동작구,사당동,1038-51,동작구 사당동,26,307,95,0
MA0101202308A0016435,스튜디오원,M1,과학·기술,M113,사진 촬영,M11301,사진촬영업,M73302,상업용 사진 촬영업,11440,마포구,11440585,도화동,1144010400,도화동,1144010400101840019,서울특별시 마포구 도화동 184-19,114404139267,서울특별시 마포구 새창로4나길,서울특별시 마포구 새창로4나길 7,121812,4169,126.952068867054,37.5415364475977,서울특별시,마포구,도화동,184-19,마포구 도화동,42,220,57,0
MA0106202309A2284031,에브리세컨드,M1,과학·기술,M113,사진 촬영,M11301,사진촬영업,M73301,인물 사진 및 행사용 영상 촬영업,11200,성동구,11200650,성수1가1동,1120011400,성수동1가,1120011400106560036,서울특별시 성동구 성수동1가 656-36,112004109156,서울특별시 성동구 뚝섬로1길,서울특별시 성동구 뚝섬로1길 25,133821,4778,127.046382168442,37.5436332843543,서울특별시,성동구,성수동1가,656-36,성동구 성수동1가,35,222,55,1
MA0101202309A0006352,코즈닉스튜디오,M1,과학·기술,M113,사진 촬영,M11301,사진촬영업,M73301,인물 사진 및 행사용 영상 촬영업,11290,성북구,11290555,삼선동,1129010500,동소문동2가,1129010500100100000,서울특별시 성북구 동소문동2가 10,112903107003,서울특별시 성북구 동소문로,서울특별시 성북구 동소문로 8,136032,2860,127.007140142378,37.5886503621109,서울특별시,성북구,동소문동2가,10,성북구 동소문동2가,86,275,49,0
MA010120220807565308,포토하임,M1,과학·기술,M113,사진 촬영,M11301,사진촬영업,M73301,인물 사진 및 행사용 영상 촬영업,11170,용산구,11170520,용산2가동,1117010200,용산동2가,1117010200100450005,서울특별시 용산구 용산동2가 45-5,111703102005,서울특별시 용산구 신흥로,서울특별시 용산구 신흥로 40,140842,4339,126.987425215665,37.5419440427346,서울특별시,용산구,용산동2가,45-5,용산구 용산동2가,23,335,7,0
MA010120220808064958,폴라스튜디오,M1,과학·기술,M113,사진 촬영,M11301,사진촬영업,M73301,인물 사진 및 행사용 영상 촬영업,11680,강남구,11680545,압구정동,1168010700,신사동,1168010700106570026,서울특별시 강남구 신사동 657-26,116804166282,서울특별시 강남구 도산대로51길,서울특별시 강남구 도산대로51길 37,135897,6018,127.037989437328,37.5257153980974,서울특별시,강남구,신사동,657-26,강남구 신사동,45,528,27,0
MA010120220808414099,여백스튜디오,M1,과학·기술,M113,사진 촬영,M11301,사진촬영업,M73301,인물 사진 및 행사용 영상 촬영업,11680,강남구,11680531,논현2동,1168010800,논현동,1168010800102410003,서울특별시 강남구 논현동 241-3,116803122011,서울특별시 강남구 학동로,서울특별시 강남구 학동로 342,135830,6099,127.040819500836,37.5167459116615,서울특별시,강남구,논현동,241-3,강남구 논현동,33,314,18,0
MA010120220808609456,매직포토,M1,과학·기술,M113,사진 촬영,M11301,사진촬영업,M73301,인물 사진 및 행사용 영상 촬영업,11380,은평구,11380552,갈현2동,1138010400,갈현동,1138010400104550008,서울특별시 은평구 갈현동 455-8,113804133158,서울특별시 은평구 연서로27길,서울특별시 은평구 연서로27길 8-5,122959,3331,126.918679756067,37.6179945867244,서울특별시,은평구,갈현동,455-8,은평구 갈현동,58,205,81,0
MA010120220810045886,모노맨션,M1,과학·기술,M113,사진 촬영,M11301,사진촬영업,M73301,인물 사진 및 행사용 영상 촬영업,11200,성동구,11200670,성수2가1동,1120011500,성수동2가,1120011500103100055,서울특별시 성동구 성수동2가 310-55,112004109413,서울특별시 성동구 연무장길,서울특별시 성동구 연무장길 30,133827,4781,127.052782456508,37.543108126917,서울특별시,성동구,성수동2가,310-55,성동구 성수동2가,44,274,66,0
MA010120220810213940,스튜디오원,M1,과학·기술,M113,사진 촬영,M11301,사진촬영업,M73301,인물 사진 및 행사용 영상 촬영업,11590,동작구,11590640,사당3동,1159010700,사당동,1159010700102200039,서울특별시 동작구 사당동 220-39,115904157307,서울특별시 동작구 사당로9나길,서울특별시 동작구 사당로9나길 5,156819,7003,126.970281598628,37.4859668111707,서울특별시,동작구,사당동,220-39,동작구 사당동,39,126,47,0
MA010120220811415878,폴라스튜디오,M1,과학·기술,M113,사진 촬영,M11301,사진촬영업,J59120,"영화, 비디오물 및 방송 프로그램 제작 관련 서비스업",11680,강남구,11680545,압구정동,1168010700,신사동,1168010700106550004,서울특별시 강남구 신사동 655-4,116804166473,서울특별시 강남구 선릉로155길,서울특별시 강남구 선릉로155길 13,135897,6019,127.038560139137,37.5253235826494,서울특별시,강남구,신사동,655-4,강남구 신사동,45,524,29,0
MA010120220811367494,포토시그니처,M1,과학·기술,M113,사진 촬영,M11301,사진촬영업,S96999,그 외 기타 달리 분류되지 않은 개인 서비스업,11350,노원구,11350619,중계본동,1135010600,중계동,1135010600103640020,서울특별시 노원구 중계동 364-20,113503110009,서울특별시 노원구 한글비석로,서울특별시 노원구 한글비석로 250,139861,1734,127.07699193891,37.6500194687633,서울특별시,노원구,중계동,364-20,노원구 중계동,45,30,11,0
MA010120220812002334,사진촬영업,M1,과학·기술,M113,사진 촬영,M11301,사진촬영업,M73301,인물 사진 및 행사용 영상 촬영업,11170,용산구,11170580,효창동,1117011900,효창동,1117011900100050321,서울특별시 용산구 효창동 5-321,111704106088,서울특별시 용산구 백범로47길,서울특별시 용산구 백범로47길 9,140897,4319,126.958583538681,37.5409543420079,서울특별시,용산구,효창동,5-321,용산구 효창동,76,211,55,0
MA010120220812107239,셀픽스,M1,과학·기술,M113,사진 촬영,M11301,사진촬영업,S96999,그 외 기타 달리 분류되지 않은 개인 서비스업,11215,광진구,11215710,화양동,1121510700,화양동,1121510700100080057,서울특별시 광진구 화양동 8-57,112154112198,서울특별시 광진구 동일로24길,서울특별시 광진구 동일로24길 94,143914,5017,127.070002863048,37.542416040014,서울특별시,광진구,화양동,8-57,광진구 화양동,62,404,134,0
MA010120220812861757,엘스튜디오,M1,과학·기술,M113,사진 촬영,M11301,사진촬영업,M73301,인물 사진 및 행사용 영상 촬영업,11140,중구,11140570,필동,1114015800,충무로3가,1114015800100590012,서울특별시 중구 충무로3가 59-12,111404103227,서울특별시 중구 수표로2길,서울특별시 중구 수표로2길 1,100013,4554,126.9906152082,37.5621637615551,서울특별시,중구,충무로3가,59-12,중구 충무로3가,40,531,57,0
MA010120220812789946,라이트하우스,M1,과학·기술,M113,사진 촬영,M11301,사진촬영업,M73302,상업용 사진 촬영업,11650,서초구,11650600,방배1동,1165010100,방배동,1165010100109240005,서울특별시 서초구 방배동 924-5,116504163632,서울특별시 서초구 효령로31길,서울특별시 서초구 효령로31길 58,137843,6683,126.995493972066,37.4836699254377,서울특별시,서초구,방배동,924-5,서초구 방배동,55,54,19,0
MA010120220813176323,하루필름,M1,과학·기술,M113,사진 촬영,M11301,사진촬영업,M73301,인물 사진 및 행사용 영상 촬영업,11215,광진구,11215710,화양동,1121510700,화양동,1121510700100090025,서울특별시 광진구 화양동 9-25,112154112316,서울특별시 광진구 아차산로29길,서울특별시 광진구 아차산로29길 22,143914,5018,127.068607436177,37.5417923267987,서울특별시,광진구,화양동,9-25,광진구 화양동,50,413,136,0
MA010120220813636976,포토이즘박스,M1,과학·기술,M113,사진 촬영,M11301,사진촬영업,M73301,인물 사진 및 행사용 영상 촬영업,11170,용산구,11170520,용산2가동,1117010200,용산동2가,1117010200100440018,서울특별시 용산구 용산동2가 44-18,111703102005,서울특별시 용산구 신흥로,서울특별시 용산구 신흥로 31,140842,4338,126.986947710577,37.5412731731987,서울특별시,용산구,용산동2가,44-18,용산구 용산동2가,23,368,8,0
MA010120220813547524,이미지팩토리,M1,과학·기술,M113,사진 촬영,M11301,사진촬영업,M73301,인물 사진 및 행사용 영상 촬영업,11680,강남구,11680650,역삼2동,1168010100,역삼동,1168010100107700001,서울특별시 강남구 역삼동 770-1,116803122008,서울특별시 강남구 역삼로,서울특별시 강남구 역삼로 216,135928,6227,127.040819795228,37.4963910856364,서울특별시,강남구,역삼동,770-1,강남구 역삼동,26,239,56,0
MA010120220813728493,포토이즘컬러드,M1,과학·기술,M113,사진 촬영,M11301,사진촬영업,M73301,인물 사진 및 행사용 영상 촬영업,11410,서대문구,11410585,신촌동,1141011600,창천동,1141011600100310045,서울특별시 서대문구 창천동 31-45,114103112008,서울특별시 서대문구 연세로,서울특별시 서대문구 연세로 19,120834,3789,126.936703262306,37.5573835496511,서울특별시,서대문구,창천동,31-45,서대문구 창천동,70,431,72,0
MA010120220813906806,포토시그니처,M1,과학·기술,M113,사진 촬영,M11301,사진촬영업,S96999,그 외 기타 달리 분류되지 않은 개인 서비스업,11350,노원구,11350640,상계2동,1135010500,상계동,1135010500106160004,서울특별시 노원구 상계동 616-4,113504130088,서울특별시 노원구 노해로81길,서울특별시 노원구 노해로81길 16,139821,1695,127.062846686707,37.655629513668,서울특별시,노원구,상계동,616-4,노원구 상계동,55,227,92,1
MA010120220814155346,미스터포토,M1,과학·기술,M113,사진 촬영,M11301,사진촬영업,M73301,인물 사진 및 행사용 영상 촬영업,11290,성북구,11290575,동선동,1129011600,동선동1가,1129011600100040003,서울특별시 성북구 동선동1가 4-3,112904121095,서울특별시 성북구 동소문로20다길,서울특별시 성북구 동소문로20다길 16,136051,2845,127.017618586711,37.5917385047609,서울특별시,성북구,동선동1가,4-3,성북구 동선동1가,75,211,52,0
MA0101202211A0089017,포토이즘박스,M1,과학·기술,M113,사진 촬영,M11301,사진촬영업,M73301,인물 사진 및 행사용 영상 촬영업,11110,종로구,11110600,가회동,1111014800,계동,1111014800101200001,서울특별시 종로구 계동 120-1,111104100014,서울특별시 종로구 계동길,서울특별시 종로구 계동길 60,110801,3057,126.986888255844,37.5799364164273,서울특별시,종로구,계동,120-1,종로구 계동,70,212,12,0
MA010120220800534759,코닥사진관,M1,과학·기술,M113,사진 촬영,M11301,사진촬영업,M73301,인물 사진 및 행사용 영상 촬영업,11500,강서구,11500570,화곡4동,1150010300,화곡동,1150010300108110010,서울특별시 강서구 화곡동 811-10,115004145156,서울특별시 강서구 곰달래로53길,서울특별시 강서구 곰달래로53길 32,157898,7740,126.859381892348,37.5333520758079,서울특별시,강서구,화곡동,811-10,강서구 화곡동,35,110,75,0
MA010120220800546758,아름다운사진,M1,과학·기술,M113,사진 촬영,M11301,사진촬영업,M73301,인물 사진 및 행사용 영상 촬영업,11500,강서구,11500603,가양1동,1150010400,가양동,1150010400114600000,서울특별시 강서구 가양동 1460,115003115013,서울특별시 강서구 허준로,서울특별시 강서구 허준로 23,157752,7524,126.843579219636,37.5712039571188,서울특별시,강서구,가양동,1460,강서구 가양동,29,31,7,0
MA010120220801036051,스튜디오엠,M1,과학·기술,M113,사진 촬영,M11301,사진촬영업,M73301,인물 사진 및 행사용 영상 촬영업,11680,강남구,11680521,논현1동,1168010800,논현동,1168010800101580021,서울특별시 강남구 논현동 158-21,116804166781,서울특별시 강남구 학동로20길,서울특별시 강남구 학동로20길 63,135824,6115,127.026837646971,37.5097835354274,서울특별시,강남구,논현동,158-21,강남구 논현동,16,423,81,0
MA010120220802371765,스튜디오엠,M1,과학·기술,M113,사진 촬영,M11301,사진촬영업,M73301,인물 사진 및 행사용 영상 촬영업,11680,강남구,11680510,신사동,1168010700,신사동,1168010700105090001,서울특별시 강남구 신사동 509-1,116804166024,서울특별시 강남구 강남대로158길,서울특별시 강남구 강남대로158길 12,135887,6034,127.019911317406,37.5187367893317,서울특별시,강남구,신사동,509-1,강남구 신사동,25,333,47,0
MA010120220802883333,팝콘스튜디오,M1,과학·기술,M113,사진 촬영,M11301,사진촬영업,M73303,사진 처리업,11620,관악구,11620585,낙성대동,1162010100,봉천동,1162010100108560001,서울특별시 관악구 봉천동 856-1,116203120001,서울특별시 관악구 관악로,서울특별시 관악구 관악로 168,151848,8788,126.952971158349,37.4802101237417,서울특별시,관악구,봉천동,856-1,관악구 봉천동,52,293,69,0
MA010120220802899272,인생네컷,M1,과학·기술,M113,사진 촬영,M11301,사진촬영업,S96999,그 외 기타 달리 분류되지 않은 개인 서비스업,11710,송파구,11710642,문정2동,1171010800,문정동,1171010800106340000,서울특별시 송파구 문정동 634,117103123017,서울특별시 송파구 충민로,서울특별시 송파구 충민로 66,138888,5838,127.124940952848,37.477608217824,서울특별시,송파구,문정동,634,송파구 문정동,20,83,15,0
MA010120220804012466,봄스튜디오,M1,과학·기술,M113,사진 촬영,M11301,사진촬영업,M73301,인물 사진 및 행사용 영상 촬영업,11680,강남구,11680545,압구정동,1168010700,신사동,1168010700106260049,서울특별시 강남구 신사동 626-49,116804166157,서울특별시 강남구 논현로168길,서울특별시 강남구 논현로168길 49,135895,6024,127.032114115014,37.5233697121839,서울특별시,강남구,신사동,626-49,강남구 신사동,37,625,30,0
MA0101202301A0000491,그믐달셀프스튜디오,M1,과학·기술,M113,사진 촬영,M11301,사진촬영업,M73301,인물 사진 및 행사용 영상 촬영업,11380,은평구,11380551,갈현1동,1138010400,갈현동,1138010400103980011,서울특별시 은평구 갈현동 398-11,113804133160,서울특별시 은평구 연서로29길,서울특별시 은평구 연서로29길 6,122809,3330,126.919563023721,37.6187955833889,서울특별시,은평구,갈현동,398-11,은평구 갈현동,51,199,79,0
MA0101202303A0000592,포토이즘박스,M1,과학·기술,M113,사진 촬영,M11301,사진촬영업,S96999,그 외 기타 달리 분류되지 않은 개인 서비스업,11620,관악구,11620585,낙성대동,1162010100,봉천동,1162010100116100003,서울특별시 관악구 봉천동 1610-3,116204160007,서울특별시 관악구 관악로14길,서울특별시 관악구 관악로14길 50,151848,8788,126.95525539029,37.4785633969058,서울특별시,관악구,봉천동,1610-3,관악구 봉천동,47,291,75,0
MA0101202303A0094947,포토이즘박스,M1,과학·기술,M113,사진 촬영,M11301,사진촬영업,S96999,그 외 기타 달리 분류되지 않은 개인 서비스업,11500,강서구,11500560,화곡3동,1150010300,화곡동,1150010300110670019,서울특별시 강서구 화곡동 1067-19,115003005069,서울특별시 강서구 화곡로,서울특별시 강서구 화곡로 135,157924,7712,126.836715133426,37.5408888707788,서울특별시,강서구,화곡동,1067-19,강서구 화곡동,36,153,82,0
MA0101202302A0106559,포토시그니처,M1,과학·기술,M113,사진 촬영,M11301,사진촬영업,S96999,그 외 기타 달리 분류되지 않은 개인 서비스업,11440,마포구,11440585,도화동,1144010400,도화동,1144010400105710000,서울특별시 마포구 도화동 571,114404139065,서울특별시 마포구 도화길,서울특별시 마포구 도화길 43,121815,4168,126.950232275901,37.5417814367637,서울특별시,마포구,도화동,571,마포구 도화동,48,211,51,0
MA0106202304A0418116,더필름,M1,과학·기술,M113,사진 촬영,M11301,사진촬영업,M73301,인물 사진 및 행사용 영상 촬영업,11440,마포구,11440680,합정동,1144012200,합정동,1144012200104130002,서울특별시 마포구 합정동 413-2,114404139430,서울특별시 마포구 양화로6길,서울특별시 마포구 양화로6길 28,121883,4046,126.91559344711,37.5488929784701,서울특별시,마포구,합정동,413-2,마포구 합정동,29,804,66,0
MA0101202305A0025971,인생네컷,M1,과학·기술,M113,사진 촬영,M11301,사진촬영업,M73301,인물 사진 및 행사용 영상 촬영업,11110,종로구,11110615,종로1.2.3.4가동,1111015300,돈의동,1111015300100300000,서울특별시 종로구 돈의동 30,111104100198,서울특별시 종로구 수표로28길,서울특별시 종로구 수표로28길 28,110807,3133,126.990040754601,37.5728542191298,서울특별시,종로구,돈의동,30,종로구 돈의동,52,616,58,0
MA0101202306A0038211,포토이즘박스,M1,과학·기술,M113,사진 촬영,M11301,사진촬영업,S96999,그 외 기타 달리 분류되지 않은 개인 서비스업,11470,양천구,11470510,목1동,1147010200,목동,1147010200104060028,서울특별시 양천구 목동 406-28,114703114014,서울특별시 양천구 오목로,서울특별시 양천구 오목로 345,158716,7999,126.875814847793,37.5247695787904,서울특별시,양천구,목동,406-28,양천구 목동,34,107,32,0
MA0101202308A0065315,포토이즘박스,M1,과학·기술,M113,사진 촬영,M11301,사진촬영업,M73301,인물 사진 및 행사용 영상 촬영업,11590,동작구,11590605,흑석동,1159010500,흑석동,1159010500102230039,서울특별시 동작구 흑석동 223-39,115904157664,서울특별시 동작구 흑석로8길,서울특별시 동작구 흑석로8길 1,156861,6973,126.959529313829,37.5070833348386,서울특별시,동작구,흑석동,223-39,동작구 흑석동,42,74,13,0
MA0101202310A0006668,비비드뮤지엄,M1,과학·기술,M113,사진 촬영,M11301,사진촬영업,M73301,인물 사진 및 행사용 영상 촬영업,11200,성동구,11200690,성수2가3동,1120011500,성수동2가,1120011500103160027,서울특별시 성동구 성수동2가 316-27,112004109413,서울특별시 성동구 연무장길,서울특별시 성동구 연무장길 43,133835,4782,127.054040466294,37.5429560224865,서울특별시,성동구,성수동2가,316-27,성동구 성수동2가,44,270,67,0
MA010120220806425774,포토시그니처,M1,과학·기술,M113,사진 촬영,M11301,사진촬영업,S96999,그 외 기타 달리 분류되지 않은 개인 서비스업,11440,마포구,11440660,서교동,1144012000,서교동,1144012000103580057,서울특별시 마포구 서교동 358-57,114403113015,서울특별시 마포구 어울마당로,서울특별시 마포구 어울마당로 86,121838,4040,126.921831062565,37.5526804050574,서울특별시,마포구,서교동,358-57,마포구 서교동,43,1000,78,0
MA010120220806993512,포토그레이,M1,과학·기술,M113,사진 촬영,M11301,사진촬영업,M73301,인물 사진 및 행사용 영상 촬영업,11470,양천구,11470550,목5동,1147010200,목동,1147010200109070013,서울특별시 양천구 목동 907-13,114703114001,서울특별시 양천구 목동동로,서울특별시 양천구 목동동로 387,158877,7983,126.87982646781,37.5356652213631,서울특별시,양천구,목동,907-13,양천구 목동,45,17,4,0
MA010120220807760381,인생네컷,M1,과학·기술,M113,사진 촬영,M11301,사진촬영업,M73301,인물 사진 및 행사용 영상 촬영업,11200,성동구,11200690,성수2가3동,1120011500,성수동2가,1120011500103160043,서울특별시 성동구 성수동2가 316-43,112004109413,서울특별시 성동구 연무장길,서울특별시 성동구 연무장길 39,133835,4782,127.053745253023,37.5430347516906,서울특별시,성동구,성수동2가,316-43,성동구 성수동2가,44,273,65,0
MA010120220808078278,뉴페이스스튜디오,M1,과학·기술,M113,사진 촬영,M11301,사진촬영업,M73301,인물 사진 및 행사용 영상 촬영업,11290,성북구,11290575,동선동,1129011600,동선동1가,1129011600100790000,서울특별시 성북구 동선동1가 79,112904121219,서울특별시 성북구 보문로34길,서울특별시 성북구 보문로34길 59,136051,2845,127.018566729651,37.5911066537136,서울특별시,성북구,동선동1가,79,성북구 동선동1가,74,200,52,0
MA010120220809263205,포토이즘박스,M1,과학·기술,M113,사진 촬영,M11301,사진촬영업,S96999,그 외 기타 달리 분류되지 않은 개인 서비스업,11710,송파구,11710650,잠실본동,1171010100,잠실동,1171010100101890012,서울특별시 송파구 잠실동 189-12,117104169204,서울특별시 송파구 백제고분로7길,서울특별시 송파구 백제고분로7길 32,138861,5560,127.082363844232,37.5106965064093,서울특별시,송파구,잠실동,189-12,송파구 잠실동,39,253,80,0
MA010120220809797930,하루필름,M1,과학·기술,M113,사진 촬영,M11301,사진촬영업,S96999,그 외 기타 달리 분류되지 않은 개인 서비스업,11680,강남구,11680640,역삼1동,1168010100,역삼동,1168010100108170010,서울특별시 강남구 역삼동 817-10,116804166722,서울특별시 강남구 테헤란로1길,서울특별시 강남구 테헤란로1길 26,135931,6129,127.027643031678,37.5000137305439,서울특별시,강남구,역삼동,817-10,강남구 역삼동,32,535,85,0
MA010120220809774341,미스터포토,M1,과학·기술,M113,사진 촬영,M11301,사진촬영업,M73301,인물 사진 및 행사용 영상 촬영업,11110,종로구,11110540,삼청동,1111014300,화동,1111014300101000000,서울특별시 종로구 화동 100,111104100111,서울특별시 종로구 북촌로5가길,서울특별시 종로구 북촌로5가길 12,110230,3053,126.982175701865,37.5801391566376,서울특별시,종로구,화동,100,종로구 화동,57,163,13,0
MA010120220809731940,사진관,M1,과학·기술,M113,사진 촬영,M11301,사진촬영업,M73303,사진 처리업,11410,서대문구,11410585,신촌동,1141011600,창천동,1141011600100520030,서울특별시 서대문구 창천동 52-30,114104136230,서울특별시 서대문구 연세로11길,서울특별시 서대문구 연세로11길 17,120834,3788,126.935710547219,37.558744185118,서울특별시,서대문구,창천동,52-30,서대문구 창천동,58,559,76,0
MA010120220809921489,사진촬영업,M1,과학·기술,M113,사진 촬영,M11301,사진촬영업,M73301,인물 사진 및 행사용 영상 촬영업,11350,노원구,11350595,공릉1동,1135010300,공릉동,1135010300106450002,서울특별시 노원구 공릉동 645-2,113504130005,서울특별시 노원구 공릉로26길,서울특별시 노원구 공릉로26길 20,139808,1803,127.079150926101,37.6201669268574,서울특별시,노원구,공릉동,645-2,노원구 공릉동,39,150,73,0
MA010120220810242932,아더스튜디오,M1,과학·기술,M113,사진 촬영,M11301,사진촬영업,M73301,인물 사진 및 행사용 영상 촬영업,11680,강남구,11680531,논현2동,1168010800,논현동,1168010800100610012,서울특별시 강남구 논현동 61-12,116804166273,서울특별시 강남구 도산대로34길,서울특별시 강남구 도산대로34길 5,135816,6047,127.030857647655,37.5199264007899,서울특별시,강남구,논현동,61-12,강남구 논현동,27,608,44,0
MA010120220810966128,포토시그니처,M1,과학·기술,M113,사진 촬영,M11301,사진촬영업,S96999,그 외 기타 달리 분류되지 않은 개인 서비스업,11620,관악구,11620585,낙성대동,1162010100,봉천동,1162010100116040022,서울특별시 관악구 봉천동 1604-22,116204160007,서울특별시 관악구 관악로14길,서울특별시 관악구 관악로14길 38,151835,8788,126.954653595884,37.478747295099,서울특별시,관악구,봉천동,1604-22,관악구 봉천동,46,292,72,0
MA010120220811483055,포토이즘,M1,과학·기술,M113,사진 촬영,M11301,사진촬영업,M73301,인물 사진 및 행사용 영상 촬영업,11380,은평구,11380552,갈현2동,1138010400,갈현동,1138010400104520031,서울특별시 은평구 갈현동 452-31,113804133160,서울특별시 은평구 연서로29길,서울특별시 은평구 연서로29길 23,122959,3331,126.917673905066,37.6193999807765,서울특별시,은평구,갈현동,452-31,은평구 갈현동,44,201,79,0
MA010120220811800776,우리동네사진관,M1,과학·기술,M113,사진 촬영,M11301,사진촬영업,M73301,인물 사진 및 행사용 영상 촬영업,11215,광진구,11215710,화양동,1121510700,화양동,1121510700100070003,서울특별시 광진구 화양동 7-3,112153000002,서울특별시 광진구 아차산로,서울특별시 광진구 아차산로 229,143717,5018,127.06899348461,37.5407771828983,서울특별시,광진구,화양동,7-3,광진구 화양동,49,421,138,0
MA010120220811754971,포토이즘박스,M1,과학·기술,M113,사진 촬영,M11301,사진촬영업,S96999,그 외 기타 달리 분류되지 않은 개인 서비스업,11470,양천구,11470550,목5동,1147010200,목동,1147010200109070005,서울특별시 양천구 목동 907-5,114703114003,서울특별시 양천구 목동서로,서울특별시 양천구 목동서로 65,158729,7983,126.878710893053,37.5361141632682,서울특별시,양천구,목동,907-5,양천구 목동,50,21,5,0
MA010120220812348092,아토스튜디오,M1,과학·기술,M113,사진 촬영,M11301,사진촬영업,M73301,인물 사진 및 행사용 영상 촬영업,11440,마포구,11440660,서교동,1144012000,서교동,1144012000103750025,서울특별시 마포구 서교동 375-25,114404139421,서울특별시 마포구 양화로15안길,서울특별시 마포구 양화로15안길 19,121894,4031,126.918519767407,37.5539205858196,서울특별시,마포구,서교동,375-25,마포구 서교동,55,1027,89,0
MA010120220813111746,인생네컷,M1,과학·기술,M113,사진 촬영,M11301,사진촬영업,M73301,인물 사진 및 행사용 영상 촬영업,11200,성동구,11200550,사근동,1120010700,행당동,1120010700100060002,서울특별시 성동구 행당동 6-2,112003103002,서울특별시 성동구 마조로,서울특별시 성동구 마조로 25,133817,4760,127.04089869257,37.5600330001779,서울특별시,성동구,행당동,6-2,성동구 행당동,68,181,49,0
MA010120220813290945,포토시그니처,M1,과학·기술,M113,사진 촬영,M11301,사진촬영업,M73303,사진 처리업,11560,영등포구,11560605,문래동,1156012000,문래동2가,1156012000100440015,서울특별시 영등포구 문래동2가 44-15,115604154054,서울특별시 영등포구 경인로79길,서울특별시 영등포구 경인로79길 16,150092,7290,126.893778127337,37.5134148783471,서울특별시,영등포구,문래동2가,44-15,영등포구 문래동2가,44,219,26,0
MA010120220813996993,팝콘스튜디오,M1,과학·기술,M113,사진 촬영,M11301,사진촬영업,M73301,인물 사진 및 행사용 영상 촬영업,11410,서대문구,11410585,신촌동,1141011600,창천동,1141011600100330019,서울특별시 서대문구 창천동 33-19,114103112008,서울특별시 서대문구 연세로,서울특별시 서대문구 연세로 29-1,120834,3788,126.936735086995,37.5583299279034,서울특별시,서대문구,창천동,33-19,서대문구 창천동,65,441,72,0
MA0101202211A0012131,와이제이사진관,M1,과학·기술,M113,사진 촬영,M11301,사진촬영업,M73301,인물 사진 및 행사용 영상 촬영업,11470,양천구,11470650,신정4동,1147010100,신정동,1147010100109000021,서울특별시 양천구 신정동 900-21,114703114002,서울특별시 양천구 목동로,서울특별시 양천구 목동로 213,158857,7938,126.86379385874,37.5274297371354,서울특별시,양천구,신정동,900-21,양천구 신정동,48,153,91,0
MA010120220800040001,미스터포토,M1,과학·기술,M113,사진 촬영,M11301,사진촬영업,M73301,인물 사진 및 행사용 영상 촬영업,11110,종로구,11110650,혜화동,1111017300,명륜3가,1111017300101540003,서울특별시 종로구 명륜3가 154-3,111103005008,서울특별시 종로구 창경궁로,서울특별시 종로구 창경궁로 235,110812,3073,126.998350485629,37.5829626188737,서울특별시,종로구,명륜3가,154-3,종로구 명륜3가,71,156,24,0
MA010120220800295877,더스튜디오,M1,과학·기술,M113,사진 촬영,M11301,사진촬영업,M73301,인물 사진 및 행사용 영상 촬영업,11290,성북구,11290705,종암동,1129013500,종암동,1129013500100100101,서울특별시 성북구 종암동 10-101,112903005036,서울특별시 성북구 종암로,서울특별시 성북구 종암로 82-15,136858,2800,127.035917058637,37.5978993335141,서울특별시,성북구,종암동,10-101,성북구 종암동,29,50,41,0
MA010120220800343509,매직포토,M1,과학·기술,M113,사진 촬영,M11301,사진촬영업,M73301,인물 사진 및 행사용 영상 촬영업,11560,영등포구,11560535,영등포동,1156010400,영등포동3가,1156010400100080001,서울특별시 영등포구 영등포동3가 8-1,115604154817,서울특별시 영등포구 영중로8길,서울특별시 영등포구 영중로8길 6,150030,7302,126.906160022479,37.5183507803793,서울특별시,영등포구,영등포동3가,8-1,영등포구 영등포동3가,51,227,87,0
MA010120220800564686,한양스튜디오,M1,과학·기술,M113,사진 촬영,M11301,사진촬영업,M73301,인물 사진 및 행사용 영상 촬영업,11410,서대문구,11410660,홍은1동,1141011800,홍은동,1141011800100090178,서울특별시 서대문구 홍은동 9-178,114104136420,서울특별시 서대문구 포방터길,서울특별시 서대문구 포방터길 42-2,120841,3607,126.949130361804,37.5984830154015,서울특별시,서대문구,홍은동,9-178,서대문구 홍은동,34,39,7,0
MA010120220800655989,사진관,M1,과학·기술,M113,사진 촬영,M11301,사진촬영업,M73301,인물 사진 및 행사용 영상 촬영업,11410,서대문구,11410700,남가좌2동,1141012000,남가좌동,1141012000103240030,서울특별시 서대문구 남가좌동 324-30,114103112003,서울특별시 서대문구 거북골로,서울특별시 서대문구 거북골로 35,120806,3665,126.923903322807,37.5793519984021,서울특별시,서대문구,남가좌동,324-30,서대문구 남가좌동,53,74,25,0
MA010120220800726268,아름다운사진,M1,과학·기술,M113,사진 촬영,M11301,사진촬영업,M73301,인물 사진 및 행사용 영상 촬영업,11530,구로구,11530750,개봉2동,1153010700,개봉동,1153010700104030136,서울특별시 구로구 개봉동 403-136,115303116001,서울특별시 구로구 개봉로,서울특별시 구로구 개봉로 52-2,152092,8332,126.85628242363,37.490315451797,서울특별시,구로구,개봉동,403-136,구로구 개봉동,27,63,31,0
MA010120220800715555,여백스튜디오,M1,과학·기술,M113,사진 촬영,M11301,사진촬영업,M73301,인물 사진 및 행사용 영상 촬영업,11530,구로구,11530530,구로2동,1153010200,구로동,1153010200104370001,서울특별시 구로구 구로동 437-1,115303000023,서울특별시 구로구 가마산로,서울특별시 구로구 가마산로 229,152855,8284,126.886348529795,37.4942429318268,서울특별시,구로구,구로동,437-1,구로구 구로동,30,222,111,0
MA010120220800645246,하루필름,M1,과학·기술,M113,사진 촬영,M11301,사진촬영업,S96999,그 외 기타 달리 분류되지 않은 개인 서비스업,11380,은평구,11380551,갈현1동,1138010400,갈현동,1138010400103990023,서울특별시 은평구 갈현동 399-23,113804133160,서울특별시 은평구 연서로29길,서울특별시 은평구 연서로29길 14,122809,3330,126.918731271404,37.6191303556794,서울특별시,은평구,갈현동,399-23,은평구 갈현동,47,199,79,0
MA010120220800842149,키다리아저씨사진관,M1,과학·기술,M113,사진 촬영,M11301,사진촬영업,M73301,인물 사진 및 행사용 영상 촬영업,11440,마포구,11440660,서교동,1144012000,서교동,1144012000103950022,서울특별시 마포구 서교동 395-22,114404139096,서울특별시 마포구 독막로7길,서울특별시 마포구 독막로7길 47,121840,4043,126.919630172134,37.5499121167538,서울특별시,마포구,서교동,395-22,마포구 서교동,39,854,69,0
MA010120220802285209,하루필름,M1,과학·기술,M113,사진 촬영,M11301,사진촬영업,S96999,그 외 기타 달리 분류되지 않은 개인 서비스업,11350,노원구,11350640,상계2동,1135010500,상계동,1135010500105980002,서울특별시 노원구 상계동 598-2,113503110003,서울특별시 노원구 상계로,서울특별시 노원구 상계로 70,139821,1695,127.062751387158,37.6559981804444,서울특별시,노원구,상계동,598-2,노원구 상계동,55,226,91,0
MA010120220803072770,한양스튜디오,M1,과학·기술,M113,사진 촬영,M11301,사진촬영업,M73301,인물 사진 및 행사용 영상 촬영업,11140,중구,11140580,장충동,1114014400,장충동2가,1114014400100460001,서울특별시 중구 장충동2가 46-1,111404103363,서울특별시 중구 퇴계로56길,서울특별시 중구 퇴계로56길 58-4,100855,4616,127.005203620235,37.561440605643,서울특별시,중구,장충동2가,46-1,중구 장충동2가,48,247,55,0
MA010120220803230817,인생네컷,M1,과학·기술,M113,사진 촬영,M11301,사진촬영업,M73301,인물 사진 및 행사용 영상 촬영업,11410,서대문구,11410700,남가좌2동,1141012000,남가좌동,1141012000103240019,서울특별시 서대문구 남가좌동 324-19,114103112003,서울특별시 서대문구 거북골로,서울특별시 서대문구 거북골로 25-1,120806,3665,126.924586844693,37.5798447868258,서울특별시,서대문구,남가좌동,324-19,서대문구 남가좌동,57,68,22,0
MA010120220803367048,포토그레이,M1,과학·기술,M113,사진 촬영,M11301,사진촬영업,M73301,인물 사진 및 행사용 영상 촬영업,11590,동작구,11590605,흑석동,1159010500,흑석동,1159010500101900025,서울특별시 동작구 흑석동 190-25,115903119010,서울특별시 동작구 흑석로,서울특별시 동작구 흑석로 83-2,156861,6910,126.9589048055,37.5072580418984,서울특별시,동작구,흑석동,190-25,동작구 흑석동,45,77,13,0
MA010120220803755907,우리동네사진관,M1,과학·기술,M113,사진 촬영,M11301,사진촬영업,M73301,인물 사진 및 행사용 영상 촬영업,11650,서초구,11650531,서초4동,1165010800,서초동,1165010800113170003,서울특별시 서초구 서초동 1317-3,116504163028,서울특별시 서초구 강남대로61길,서울특별시 서초구 강남대로61길 7,137856,6615,127.025925491814,37.4990264412028,서울특별시,서초구,서초동,1317-3,서초구 서초동,34,487,77,0
MA010120220804023571,스튜디오밥,M1,과학·기술,M113,사진 촬영,M11301,사진촬영업,M73302,상업용 사진 촬영업,11650,서초구,11650540,잠원동,1165010600,잠원동,1165010600100140017,서울특별시 서초구 잠원동 14-17,116503121002,서울특별시 서초구 나루터로,서울특별시 서초구 나루터로 73,137902,6525,127.01779044609,37.5157006478671,서울특별시,서초구,잠원동,14-17,서초구 잠원동,17,318,58,1
MA010120220804247154,한양스튜디오,M1,과학·기술,M113,사진 촬영,M11301,사진촬영업,M73303,사진 처리업,11710,송파구,11710562,방이2동,1171011100,방이동,1171011100101110010,서울특별시 송파구 방이동 111-10,117104169380,서울특별시 송파구 오금로19길,서울특별시 송파구 오금로19길 17,138830,5641,127.113926641524,37.5112798957276,서울특별시,송파구,방이동,111-10,송파구 방이동,30,259,89,0
MA010120220804204434,하루필름,M1,과학·기술,M113,사진 촬영,M11301,사진촬영업,S96999,그 외 기타 달리 분류되지 않은 개인 서비스업,11680,강남구,11680640,역삼1동,1168010100,역삼동,1168010100106170004,서울특별시 강남구 역삼동 617-4,116804166003,서울특별시 강남구 강남대로102길,서울특별시 강남구 강남대로102길 31,135907,6124,127.027727702677,37.503078013327,서울특별시,강남구,역삼동,617-4,강남구 역삼동,24,564,88,0
MA010120220804368696,수상한사진관,M1,과학·기술,M113,사진 촬영,M11301,사진촬영업,M73301,인물 사진 및 행사용 영상 촬영업,11350,노원구,11350640,상계2동,1135010500,상계동,1135010500106020010,서울특별시 노원구 상계동 602-10,113504130277,서울특별시 노원구 상계로1길,서울특별시 노원구 상계로1길 14-33,139821,1693,127.062080185619,37.6571011171705,서울특별시,노원구,상계동,602-10,노원구 상계동,58,234,93,0
MA010120220804453971,엘스튜디오,M1,과학·기술,M113,사진 촬영,M11301,사진촬영업,M73301,인물 사진 및 행사용 영상 촬영업,11680,강남구,11680640,역삼1동,1168010100,역삼동,1168010100107050025,서울특별시 강남구 역삼동 705-25,116803122006,서울특별시 강남구 선릉로,서울특별시 강남구 선릉로 513,135922,6150,127.048284129509,37.5052727963886,서울특별시,강남구,역삼동,705-25,강남구 역삼동,43,294,62,0
MA010120220804371189,뉴페이스스튜디오,M1,과학·기술,M113,사진 촬영,M11301,사진촬영업,M73301,인물 사진 및 행사용 영상 촬영업,11350,노원구,11350720,상계10동,1135010500,상계동,1135010500106930000,서울특별시 노원구 상계동 693,113503000001,서울특별시 노원구 동일로,서울특별시 노원구 동일로 1426,139827,1694,127.060530750824,37.655944474372,서울특별시,노원구,상계동,693,노원구 상계동,54,219,93,0
MA010120220805369637,인생네컷,M1,과학·기술,M113,사진 촬영,M11301,사진촬영업,M73301,인물 사진 및 행사용 영상 촬영업,11500,강서구,11500560,화곡3동,1150010300,화곡동,1150010300110650001,서울특별시 강서구 화곡동 1065-1,115004145505,서울특별시 강서구 화곡로25길,서울특별시 강서구 화곡로25길 2,157924,7714,126.838484138521,37.5413748231096,서울특별시,강서구,화곡동,1065-1,강서구 화곡동,35,142,81,0
MA010120220805421676,하루필름,M1,과학·기술,M113,사진 촬영,M11301,사진촬영업,S96999,그 외 기타 달리 분류되지 않은 개인 서비스업,11200,성동구,11200690,성수2가3동,1120011500,성수동2가,1120011500103020036,서울특별시 성동구 성수동2가 302-36,112004109413,서울특별시 성동구 연무장길,서울특별시 성동구 연무장길 17,133835,4782,127.05139369846,37.5437547451364,서울특별시,성동구,성수동2가,302-36,성동구 성수동2가,38,267,61,0
MA0101202209A0043199,포토시그니처,M1,과학·기술,M113,사진 촬영,M11301,사진촬영업,M73301,인물 사진 및 행사용 영상 촬영업,11215,광진구,11215850,구의1동,1121510300,구의동,1121510300102520035,서울특별시 광진구 구의동 252-35,112154112421,서울특별시 광진구 자양로18길,서울특별시 광진구 자양로18길 15,143826,5043,127.084273711972,37.5376799075177,서울특별시,광진구,구의동,252-35,광진구 구의동,69,166,97,0
MA0101202209A0076709,하루필름,M1,과학·기술,M113,사진 촬영,M11301,사진촬영업,M73301,인물 사진 및 행사용 영상 촬영업,11440,마포구,11440660,서교동,1144012000,서교동,1144012000103960032,서울특별시 마포구 서교동 396-32,114404139430,서울특별시 마포구 양화로6길,서울특별시 마포구 양화로6길 45,121840,4047,126.916792353131,37.5489400249656,서울특별시,마포구,서교동,396-32,마포구 서교동,36,784,60,0
MA0101202209A0082576,그믐달셀프스튜디오,M1,과학·기술,M113,사진 촬영,M11301,사진촬영업,M73301,인물 사진 및 행사용 영상 촬영업,11350,노원구,11350640,상계2동,1135010500,상계동,1135010500106160004,서울특별시 노원구 상계동 616-4,113504130088,서울특별시 노원구 노해로81길,서울특별시 노원구 노해로81길 16,139821,1695,127.062846686707,37.655629513668,서울특별시,노원구,상계동,616-4,노원구 상계동,55,227,92,1
MA0101202307A0073104,포토이즘박스,M1,과학·기술,M113,사진 촬영,M11301,사진촬영업,S96999,그 외 기타 달리 분류되지 않은 개인 서비스업,11530,구로구,11530560,구로5동,1153010200,구로동,1153010200100260000,서울특별시 구로구 구로동 26,115303116007,서울특별시 구로구 새말로,서울특별시 구로구 새말로 102,152770,8289,126.891391372165,37.5057696736943,서울특별시,구로구,구로동,26,구로구 구로동,28,200,52,0
MA0101202308A0023025,픽닷,M1,과학·기술,M113,사진 촬영,M11301,사진촬영업,M73301,인물 사진 및 행사용 영상 촬영업,11410,서대문구,11410585,신촌동,1141011200,대현동,1141011200100560076,서울특별시 서대문구 대현동 56-76,114104136322,서울특별시 서대문구 이화여대길,서울특별시 서대문구 이화여대길 37,120808,3766,126.945570522112,37.5586254178815,서울특별시,서대문구,대현동,56-76,서대문구 대현동,105,274,59,0
MA010120220813084409,포토이즘박스,M1,과학·기술,M113,사진 촬영,M11301,사진촬영업,S96999,그 외 기타 달리 분류되지 않은 개인 서비스업,11350,노원구,11350640,상계2동,1135010500,상계동,1135010500106170000,서울특별시 노원구 상계동 617,113503110003,서울특별시 노원구 상계로,서울특별시 노원구 상계로 64,139821,1695,127.062255380977,37.6557870006375,서울특별시,노원구,상계동,617,노원구 상계동,53,226,92,0
MA0101202305A0098834,포토이즘박스,M1,과학·기술,M113,사진 촬영,M11301,사진촬영업,S96999,그 외 기타 달리 분류되지 않은 개인 서비스업,11140,중구,11140605,을지로동,1114015500,을지로3가,1114015500103200003,서울특별시 중구 을지로3가 320-3,111404103316,서울특별시 중구 충무로5길,서울특별시 중구 충무로5길 19,100846,4550,126.9916146558,37.5652718896764,서울특별시,중구,을지로3가,320-3,중구 을지로3가,42,691,71,0
MA010120220813333956,포토이즘박스,M1,과학·기술,M113,사진 촬영,M11301,사진촬영업,S96999,그 외 기타 달리 분류되지 않은 개인 서비스업,11560,영등포구,11560535,영등포동,1156010400,영등포동3가,1156010400100130011,서울특별시 영등포구 영등포동3가 13-11,115604154728,서울특별시 영등포구 영등포로50길,서울특별시 영등포구 영등포로50길 11,150030,7303,126.909390393585,37.5179121117548,서울특별시,영등포구,영등포동3가,13-11,영등포구 영등포동3가,47,204,91,0
MA0101202211A0009262,시안사진관,M1,과학·기술,M113,사진 촬영,M11301,사진촬영업,M73301,인물 사진 및 행사용 영상 촬영업,11215,광진구,11215847,자양4동,1121510500,자양동,1121510500100070009,서울특별시 광진구 자양동 7-9,112154112196,서울특별시 광진구 동일로20길,서울특별시 광진구 동일로20길 91,143841,5073,127.068652368184,37.5399995885681,서울특별시,광진구,자양동,7-9,광진구 자양동,48,422,138,0
MA010120220803948622,코닥사진관,M1,과학·기술,M113,사진 촬영,M11301,사진촬영업,M73301,인물 사진 및 행사용 영상 촬영업,11305,강북구,11305555,송천동,1130510100,미아동,1130510100100600005,서울특별시 강북구 미아동 60-5,113053005039,서울특별시 강북구 도봉로,서울특별시 강북구 도봉로 45,142724,1211,127.029434059876,37.6131368345599,서울특별시,강북구,미아동,60-5,강북구 미아동,56,162,50,0
MA0101202305A0042528,포토시그니처,M1,과학·기술,M113,사진 촬영,M11301,사진촬영업,S96999,그 외 기타 달리 분류되지 않은 개인 서비스업,11140,중구,11140550,명동,1114012500,충무로2가,1114012500100650017,서울특별시 중구 충무로2가 65-17,111404103160,서울특별시 중구 명동8가길,서울특별시 중구 명동8가길 8,100861,4536,126.985473633658,37.5615340127774,서울특별시,중구,충무로2가,65-17,중구 충무로2가,36,557,71,0
MA010120220804016835,이음스튜디오,M1,과학·기술,M113,사진 촬영,M11301,사진촬영업,M73301,인물 사진 및 행사용 영상 촬영업,11680,강남구,11680565,청담동,1168010400,청담동,1168010400100180012,서울특별시 강남구 청담동 18-12,116804166293,서울특별시 강남구 도산대로66길,서울특별시 강남구 도산대로66길 30,135949,6064,127.043890326075,37.5216545179802,서울특별시,강남구,청담동,18-12,강남구 청담동,33,512,24,0
MA010120220813736635,봄스튜디오,M1,과학·기술,M113,사진 촬영,M11301,사진촬영업,M73302,상업용 사진 촬영업,11305,강북구,11305645,우이동,1130510400,우이동,1130510400100560001,서울특별시 강북구 우이동 56-1,113054124201,서울특별시 강북구 삼양로155가길,서울특별시 강북구 삼양로155가길 30,142892,1005,127.012925243492,37.6572586744871,서울특별시,강북구,우이동,56-1,강북구 우이동,17,22,16,0
MA010120220800030640,사진관,M1,과학·기술,M113,사진 촬영,M11301,사진촬영업,M73301,인물 사진 및 행사용 영상 촬영업,11110,종로구,11110600,가회동,1111014800,계동,1111014800101330006,서울특별시 종로구 계동 133-6,111104100014,서울특별시 종로구 계동길,서울특별시 종로구 계동길 84-3,110801,3057,126.986835981615,37.5812875277208,서울특별시,종로구,계동,133-6,종로구 계동,73,147,9,0
MA010120220803731446,포토클럽,M1,과학·기술,M113,사진 촬영,M11301,사진촬영업,M73301,인물 사진 및 행사용 영상 촬영업,11215,광진구,11215870,구의3동,1121510300,구의동,1121510300105460004,서울특별시 광진구 구의동 546-4,112154112040,서울특별시 광진구 광나루로56길,서울특별시 광진구 광나루로56길 85,143721,5116,127.095680669092,37.53571340911,서울특별시,광진구,구의동,546-4,광진구 구의동,33,81,46,0
MA0101202303A0018227,하루필름,M1,과학·기술,M113,사진 촬영,M11301,사진촬영업,S96999,그 외 기타 달리 분류되지 않은 개인 서비스업,11290,성북구,11290575,동선동,1129011600,동선동1가,1129011600100850097,서울특별시 성북구 동선동1가 85-97,112904121096,서울특별시 성북구 동소문로22길,서울특별시 성북구 동소문로22길 31,136051,2845,127.018106861751,37.5916344429016,서울특별시,성북구,동선동1가,85-97,성북구 동선동1가,76,207,52,0
MA0101202212C0017895,스튜디오,M1,과학·기술,M113,사진 촬영,M11301,사진촬영업,M73301,인물 사진 및 행사용 영상 촬영업,11440,마포구,11440710,연남동,1144012400,연남동,1144012400104870351,서울특별시 마포구 연남동 487-351,114404139110,서울특별시 마포구 동교로23길,서울특별시 마포구 동교로23길 98-7,121868,3986,126.917937309868,37.5597629882005,서울특별시,마포구,연남동,487-351,마포구 연남동,49,638,70,0
MA0101202308A0026197,이음스튜디오,M1,과학·기술,M113,사진 촬영,M11301,사진촬영업,M73302,상업용 사진 촬영업,11740,강동구,11740640,성내1동,1174010800,성내동,1174010800105350000,서울특별시 강동구 성내동 535,117404172169,서울특별시 강동구 성내로5길,서울특별시 강동구 성내로5길 30,134850,5397,127.123988732227,37.5310610890775,서울특별시,강동구,성내동,535,강동구 성내동,28,203,55,0
MA010120220806754291,나인포토,M1,과학·기술,M113,사진 촬영,M11301,사진촬영업,M73301,인물 사진 및 행사용 영상 촬영업,11590,동작구,11590510,노량진1동,1159010100,노량진동,1159010100101190144,서울특별시 동작구 노량진동 119-144,115903119002,서울특별시 동작구 만양로,서울특별시 동작구 만양로 90-1,156801,6913,126.944480481845,37.5115091167124,서울특별시,동작구,노량진동,119-144,동작구 노량진동,27,96,49,0
MA0101202311A0094948,코즈닉스튜디오,M1,과학·기술,M113,사진 촬영,M11301,사진촬영업,M73301,인물 사진 및 행사용 영상 촬영업,11200,성동구,11200540,마장동,1120010500,마장동,1120010500105180014,서울특별시 성동구 마장동 518-14,112003005030,서울특별시 성동구 고산자로,서울특별시 성동구 고산자로 308,133814,4749,127.037016886441,37.567029561404,서울특별시,성동구,마장동,518-14,성동구 마장동,42,193,62,0
MA0101202210A0039773,포토이즘컬러드,M1,과학·기술,M113,사진 촬영,M11301,사진촬영업,M73301,인물 사진 및 행사용 영상 촬영업,11230,동대문구,11230710,회기동,1123010800,회기동,1123010800100450057,서울특별시 동대문구 회기동 45-57,112303105020,서울특별시 동대문구 회기로,서울특별시 동대문구 회기로 161,130872,2452,127.054001040481,37.5908283177483,서울특별시,동대문구,회기동,45-57,동대문구 회기동,73,215,53,0
MA0101202301A0030431,시안사진관,M1,과학·기술,M113,사진 촬영,M11301,사진촬영업,M73301,인물 사진 및 행사용 영상 촬영업,11350,노원구,11350720,상계10동,1135010500,상계동,1135010500106930000,서울특별시 노원구 상계동 693,113503000001,서울특별시 노원구 동일로,서울특별시 노원구 동일로 1426,139827,1694,127.06053041027,37.6559715026737,서울특별시,노원구,상계동,693,노원구 상계동,54,219,93,0
MA010120220808318898,포토그레이,M1,과학·기술,M113,사진 촬영,M11301,사진촬영업,S96999,그 외 기타 달리 분류되지 않은 개인 서비스업,11305,강북구,11305635,수유3동,1130510300,수유동,1130510300102240002,서울특별시 강북구 수유동 224-2,113054124141,서울특별시 강북구 도봉로87길,서울특별시 강북구 도봉로87길 31,142878,1072,127.024057029247,37.6388891432512,서울특별시,강북구,수유동,224-2,강북구 수유동,30,292,173,0
MA010120220804379541,사진촬영업,M1,과학·기술,M113,사진 촬영,M11301,사진촬영업,M73301,인물 사진 및 행사용 영상 촬영업,11350,노원구,11350595,공릉1동,1135010300,공릉동,1135010300106330004,서울특별시 노원구 공릉동 633-4,113503005050,서울특별시 노원구 공릉로,서울특별시 노원구 공릉로 105-1,139808,1849,127.077750866035,37.6197955766281,서울특별시,노원구,공릉동,633-4,노원구 공릉동,38,152,71,0
MA0101202210A0093758,모노맨션,M1,과학·기술,M113,사진 촬영,M11301,사진촬영업,M73301,인물 사진 및 행사용 영상 촬영업,11680,강남구,11680545,압구정동,1168010700,신사동,1168010700106420028,서울특별시 강남구 신사동 642-28,116804166525,서울특별시 강남구 압구정로48길,서울특별시 강남구 압구정로48길 38,135896,6017,127.036855081837,37.5259494365355,서울특별시,강남구,신사동,642-28,강남구 신사동,41,522,24,0
MA010120220808144758,포토이즘컬러드,M1,과학·기술,M113,사진 촬영,M11301,사진촬영업,M73301,인물 사진 및 행사용 영상 촬영업,11680,강남구,11680640,역삼1동,1168010100,역삼동,1168010100106190003,서울특별시 강남구 역삼동 619-3,116804166003,서울특별시 강남구 강남대로102길,서울특별시 강남구 강남대로102길 16,135908,6128,127.027163577727,37.5021002299312,서울특별시,강남구,역삼동,619-3,강남구 역삼동,29,566,89,1
MA010120220800011000,포토클럽,M1,과학·기술,M113,사진 촬영,M11301,사진촬영업,M73301,인물 사진 및 행사용 영상 촬영업,11170,용산구,11170530,남영동,1117010500,남영동,1117010500100180002,서울특별시 용산구 남영동 18-2,111702005005,서울특별시 용산구 한강대로,서울특별시 용산구 한강대로 298,140160,4352,126.972357480195,37.5448774241735,서울특별시,용산구,남영동,18-2,용산구 남영동,68,178,36,0
MA0101202311A0018073,라이트하우스,M1,과학·기술,M113,사진 촬영,M11301,사진촬영업,M73301,인물 사진 및 행사용 영상 촬영업,11620,관악구,11620745,삼성동,1162010200,신림동,1162010200103060006,서울특별시 관악구 신림동 306-6,116204160759,서울특별시 관악구 호암로18가길,서울특별시 관악구 호암로18가길 1,151929,8821,126.932434093207,37.465420287636,서울특별시,관악구,신림동,306-6,관악구 신림동,36,86,23,0
MA0101202303A0093381,모노맨션,M1,과학·기술,M113,사진 촬영,M11301,사진촬영업,M73301,인물 사진 및 행사용 영상 촬영업,11740,강동구,11740610,천호2동,1174010900,천호동,1174010900104540064,서울특별시 강동구 천호동 454-64,117404172367,서울특별시 강동구 천호대로157길,서울특별시 강동구 천호대로157길 17,134874,5329,127.126955748927,37.5385978692864,서울특별시,강동구,천호동,454-64,강동구 천호동,27,238,64,0
MA010120220808605966,포토이즘컬러드,M1,과학·기술,M113,사진 촬영,M11301,사진촬영업,M73301,인물 사진 및 행사용 영상 촬영업,11215,광진구,11215710,화양동,1121510700,화양동,1121510700100480023,서울특별시 광진구 화양동 48-23,112154112312,서울특별시 광진구 아차산로25길,서울특별시 광진구 아차산로25길 8,143917,5019,127.066729065932,37.5417865066894,서울특별시,광진구,화양동,48-23,광진구 화양동,42,453,142,0
MA0101202309A0071400,코즈닉스튜디오,M1,과학·기술,M113,사진 촬영,M11301,사진촬영업,M73301,인물 사진 및 행사용 영상 촬영업,11230,동대문구,11230545,제기동,1123010300,제기동,1123010300111150006,서울특별시 동대문구 제기동 1115-6,112304115259,서울특별시 동대문구 약령중앙로4길,서울특별시 동대문구 약령중앙로4길 8-1,130864,2570,127.037486543069,37.5797921830266,서울특별시,동대문구,제기동,1115-6,동대문구 제기동,41,174,50,0
MA0101202305A0042078,그믐달셀프스튜디오,M1,과학·기술,M113,사진 촬영,M11301,사진촬영업,M73302,상업용 사진 촬영업,11215,광진구,11215760,중곡3동,1121510100,중곡동,1121510100101930057,서울특별시 광진구 중곡동 193-57,112153005027,서울특별시 광진구 면목로,서울특별시 광진구 면목로 142-1,143901,4908,127.081492480744,37.5660774490265,서울특별시,광진구,중곡동,193-57,광진구 중곡동,40,158,63,0
MA0101202306A0090624,추억저장소,M1,과학·기술,M113,사진 촬영,M11301,사진촬영업,M73303,사진 처리업,11440,마포구,11440555,아현동,1144010200,공덕동,1144010200104230029,서울특별시 마포구 공덕동 423-29,114402113001,서울특별시 마포구 마포대로,서울특별시 마포구 마포대로 100,121861,4213,126.951348108955,37.5445215115783,서울특별시,마포구,공덕동,423-29,마포구 공덕동,51,212,53,0
MA010120220800537569,포토시그니처,M1,과학·기술,M113,사진 촬영,M11301,사진촬영업,S96999,그 외 기타 달리 분류되지 않은 개인 서비스업,11410,서대문구,11410585,신촌동,1141011600,창천동,1141011600100310036,서울특별시 서대문구 창천동 31-36,114103112008,서울특별시 서대문구 연세로,서울특별시 서대문구 연세로 24,120834,3776,126.937093972284,37.5577655044565,서울특별시,서대문구,창천동,31-36,서대문구 창천동,73,408,69,0
MA010120220808173722,하루필름,M1,과학·기술,M113,사진 촬영,M11301,사진촬영업,S96999,그 외 기타 달리 분류되지 않은 개인 서비스업,11620,관악구,11620645,서원동,1162010200,신림동,1162010200116400030,서울특별시 관악구 신림동 1640-30,116204160220,서울특별시 관악구 남부순환로176길,서울특별시 관악구 남부순환로176길 11,151930,8776,126.928559473785,37.4834422889381,서울특별시,관악구,신림동,1640-30,관악구 신림동,32,351,117,0
MA010120220800009705,스튜디오원,M1,과학·기술,M113,사진 촬영,M11301,사진촬영업,M73301,인물 사진 및 행사용 영상 촬영업,11110,종로구,11110550,부암동,1111018400,부암동,1111018400101860005,서울특별시 종로구 부암동 186-5,111104100294,서울특별시 종로구 자하문로41길,서울특별시 종로구 자하문로41길 7,110816,3021,126.961968538358,37.5971189316897,서울특별시,종로구,부암동,186-5,종로구 부암동,23,11,0,0
MA010120220809771941,포토시그니처,M1,과학·기술,M113,사진 촬영,M11301,사진촬영업,M73301,인물 사진 및 행사용 영상 촬영업,11740,강동구,11740610,천호2동,1174010900,천호동,1174010900102870002,서울특별시 강동구 천호동 287-2,117403124003,서울특별시 강동구 상암로,서울특별시 강동구 상암로 42,134867,5318,127.127868959602,37.5495704553867,서울특별시,강동구,천호동,287-2,강동구 천호동,26,83,45,0
MA010120220804598954,이음스튜디오,M1,과학·기술,M113,사진 촬영,M11301,사진촬영업,J59202,녹음시설 운영업,11650,서초구,11650652,양재2동,1165010200,양재동,1165010200103540010,서울특별시 서초구 양재동 354-10,116504163031,서울특별시 서초구 강남대로6길,서울특별시 서초구 강남대로6길 28-9,137898,6788,127.043139150916,37.4670534026507,서울특별시,서초구,양재동,354-10,서초구 양재동,14,54,33,0
MA0101202310A0098321,픽닷,M1,과학·기술,M113,사진 촬영,M11301,사진촬영업,M73301,인물 사진 및 행사용 영상 촬영업,11260,중랑구,11260590,상봉2동,1126010200,상봉동,1126010200101040101,서울특별시 중랑구 상봉동 104-101,112604118287,서울특별시 중랑구 봉우재로33길,서울특별시 중랑구 봉우재로33길 31,131859,2154,127.087581512858,37.5939850369329,서울특별시,중랑구,상봉동,104-101,중랑구 상봉동,40,228,111,0
MA010120220811796023,포토이즘박스,M1,과학·기술,M113,사진 촬영,M11301,사진촬영업,M73301,인물 사진 및 행사용 영상 촬영업,11215,광진구,11215710,화양동,1121510700,화양동,1121510700100480025,서울특별시 광진구 화양동 48-25,112154112316,서울특별시 광진구 아차산로29길,서울특별시 광진구 아차산로29길 7,143917,5019,127.06809289841,37.5413107099906,서울특별시,광진구,화양동,48-25,광진구 화양동,47,426,138,0
MA010120220808065118,포토시그니처,M1,과학·기술,M113,사진 촬영,M11301,사진촬영업,S96999,그 외 기타 달리 분류되지 않은 개인 서비스업,11680,강남구,11680640,역삼1동,1168010100,역삼동,1168010100108130008,서울특별시 강남구 역삼동 813-8,116804166346,서울특별시 강남구 봉은사로2길,서울특별시 강남구 봉은사로2길 35,135931,6123,127.02651465473,37.5024282740719,서울특별시,강남구,역삼동,813-8,강남구 역삼동,33,561,87,0
MA010120220807201867,미스터포토,M1,과학·기술,M113,사진 촬영,M11301,사진촬영업,M73303,사진 처리업,11680,강남구,11680640,역삼1동,1168010100,역삼동,1168010100108270009,서울특별시 강남구 역삼동 827-9,116804166743,서울특별시 강남구 테헤란로4길,서울특별시 강남구 테헤란로4길 31,135935,6240,127.030550758828,37.4964243972138,서울특별시,강남구,역삼동,827-9,강남구 역삼동,34,441,75,0
MA010120220800194063,수스튜디오,M1,과학·기술,M113,사진 촬영,M11301,사진촬영업,M73301,인물 사진 및 행사용 영상 촬영업,11440,마포구,11440700,망원2동,1144012300,망원동,1144012300104730005,서울특별시 마포구 망원동 473-5,114403113008,서울특별시 마포구 방울내로,서울특별시 마포구 방울내로 79,121826,3961,126.904058320539,37.56070720142,서울특별시,마포구,망원동,473-5,마포구 망원동,38,175,37,0
MA0101202302A0082400,폴라스튜디오,M1,과학·기술,M113,사진 촬영,M11301,사진촬영업,S96999,그 외 기타 달리 분류되지 않은 개인 서비스업,11650,서초구,11650610,방배2동,1165010100,방배동,1165010100104510019,서울특별시 서초구 방배동 451-19,116504163158,서울특별시 서초구 방배천로2안길,서울특별시 서초구 방배천로2안길 51,137818,6692,126.983817032011,37.4792540169367,서울특별시,서초구,방배동,451-19,서초구 방배동,32,307,92,0
MA010120220802284972,수상한사진관,M1,과학·기술,M113,사진 촬영,M11301,사진촬영업,M73301,인물 사진 및 행사용 영상 촬영업,11440,마포구,11440660,서교동,1144012000,서교동,1144012000103580113,서울특별시 마포구 서교동 358-113,114403113015,서울특별시 마포구 어울마당로,서울특별시 마포구 어울마당로 96,121838,4040,126.922260448365,37.5535132814123,서울특별시,마포구,서교동,358-113,마포구 서교동,44,1034,75,0
MA0101202303A0007487,픽닷,M1,과학·기술,M113,사진 촬영,M11301,사진촬영업,M73301,인물 사진 및 행사용 영상 촬영업,11440,마포구,11440660,서교동,1144012000,서교동,1144012000103940020,서울특별시 마포구 서교동 394-20,114404139430,서울특별시 마포구 양화로6길,서울특별시 마포구 양화로6길 21,121893,4044,126.915498616605,37.5491894504712,서울특별시,마포구,서교동,394-20,마포구 서교동,29,812,68,0
MA010120220805643247,추억저장소,M1,과학·기술,M113,사진 촬영,M11301,사진촬영업,M73301,인물 사진 및 행사용 영상 촬영업,11320,도봉구,11320690,방학1동,1132010600,방학동,1132010600106720027,서울특별시 도봉구 방학동 672-27,113203005048,서울특별시 도봉구 방학로,서울특별시 도봉구 방학로 135,132849,1389,127.037166217171,37.6626129317577,서울특별시,도봉구,방학동,672-27,도봉구 방학동,34,110,69,0
MA010120220805436174,모션픽쳐,M1,과학·기술,M113,사진 촬영,M11301,사진촬영업,M73301,인물 사진 및 행사용 영상 촬영업,11200,성동구,11200650,성수1가1동,1120011400,성수동1가,1120011400106561222,서울특별시 성동구 성수동1가 656-1222,112004109156,서울특별시 성동구 뚝섬로1길,서울특별시 성동구 뚝섬로1길 25,133821,4778,127.046382168442,37.5436332843543,서울특별시,성동구,성수동1가,656-1222,성동구 성수동1가,35,222,55,1
MA010120220814126254,제이에스스튜디오,M1,과학·기술,M113,사진 촬영,M11301,사진촬영업,M73301,인물 사진 및 행사용 영상 촬영업,11290,성북구,11290575,동선동,1129011000,동소문동7가,1129011000100020026,서울특별시 성북구 동소문동7가 2-26,112904121088,서울특별시 성북구 동소문로13나길,서울특별시 성북구 동소문로13나길 96,136037,2830,127.01525745427,37.5956203323165,서울특별시,성북구,동소문동7가,2-26,성북구 동소문동7가,55,199,55,0
MA0101202212A0041441,사진촬영업,M1,과학·기술,M113,사진 촬영,M11301,사진촬영업,M73301,인물 사진 및 행사용 영상 촬영업,11440,마포구,11440680,합정동,1144012200,합정동,1144012200104330054,서울특별시 마포구 합정동 433-54,114403112014,서울특별시 마포구 동교로,서울특별시 마포구 동교로 40-9,121887,4021,126.907068011378,37.5522563381762,서울특별시,마포구,합정동,433-54,마포구 합정동,31,340,48,0
MA010120220803082680,하루필름,M1,과학·기술,M113,사진 촬영,M11301,사진촬영업,M73301,인물 사진 및 행사용 영상 촬영업,11110,종로구,11110615,종로1.2.3.4가동,1111013300,익선동,1111013300101660041,서울특별시 종로구 익선동 166-41,111104100198,서울특별시 종로구 수표로28길,서울특별시 종로구 수표로28길 21-4,110340,3133,126.989799642901,37.5731044476391,서울특별시,종로구,익선동,166-41,종로구 익선동,56,606,58,0
MA010120220808425284,폴라스튜디오,M1,과학·기술,M113,사진 촬영,M11301,사진촬영업,L68112,비주거용 건물 임대업,11440,마포구,11440710,연남동,1144012400,연남동,1144012400105670034,서울특별시 마포구 연남동 567-34,114404139443,서울특별시 마포구 연남로1길,서울특별시 마포구 연남로1길 11,121869,3990,126.922372828921,37.5606415231271,서울특별시,마포구,연남동,567-34,마포구 연남동,40,658,50,0
MA010120220804325519,여백스튜디오,M1,과학·기술,M113,사진 촬영,M11301,사진촬영업,M73301,인물 사진 및 행사용 영상 촬영업,11290,성북구,11290760,장위1동,1129013800,장위동,1129013800102330634,서울특별시 성북구 장위동 233-634,112903107013,서울특별시 성북구 장위로,서울특별시 성북구 장위로 64,136837,2744,127.043561263206,37.6138018144495,서울특별시,성북구,장위동,233-634,성북구 장위동,40,78,21,0
MA010120220802691670,사람사진으로쓰는이야기,M1,과학·기술,M113,사진 촬영,M11301,사진촬영업,M73301,인물 사진 및 행사용 영상 촬영업,11680,강남구,11680580,삼성1동,1168010500,삼성동,1168010500100850017,서울특별시 강남구 삼성동 85-17,116804166326,서울특별시 강남구 봉은사로105길,서울특별시 강남구 봉은사로105길 54-3,135871,6080,127.060746308894,37.5180594061953,서울특별시,강남구,삼성동,85-17,강남구 삼성동,26,81,14,0
MA0101202305A0057580,더필름,M1,과학·기술,M113,사진 촬영,M11301,사진촬영업,M73301,인물 사진 및 행사용 영상 촬영업,11650,서초구,11650531,서초4동,1165010800,서초동,1165010800113080010,서울특별시 서초구 서초동 1308-10,116504163435,서울특별시 서초구 서초대로77길,서울특별시 서초구 서초대로77길 37,137856,6612,127.025085764296,37.5009838132703,서울특별시,서초구,서초동,1308-10,서초구 서초동,33,541,84,1
MA010120220802999282,수상한사진관,M1,과학·기술,M113,사진 촬영,M11301,사진촬영업,M73301,인물 사진 및 행사용 영상 촬영업,11380,은평구,11380552,갈현2동,1138010400,갈현동,1138010400104560036,서울특별시 은평구 갈현동 456-36,113803111006,서울특별시 은평구 연서로,서울특별시 은평구 연서로 219,122959,3331,126.919705844053,37.6183193454705,서울특별시,은평구,갈현동,456-36,은평구 갈현동,54,200,82,0
MA0101202209A0082518,인생네컷,M1,과학·기술,M113,사진 촬영,M11301,사진촬영업,M73301,인물 사진 및 행사용 영상 촬영업,11530,구로구,11530540,구로3동,1153010200,구로동,1153010200111240023,서울특별시 구로구 구로동 1124-23,115304148337,서울특별시 구로구 디지털로32길,서울특별시 구로구 디지털로32길 87,152880,8391,126.900102601297,37.4832528727716,서울특별시,구로구,구로동,1124-23,구로구 구로동,39,233,110,0
MA010120220813796131,스튜디오밥,M1,과학·기술,M113,사진 촬영,M11301,사진촬영업,M73301,인물 사진 및 행사용 영상 촬영업,11440,마포구,11440680,합정동,1144012200,합정동,1144012200104120026,서울특별시 마포구 합정동 412-26,114404139430,서울특별시 마포구 양화로6길,서울특별시 마포구 양화로6길 50,121883,4047,126.916977570388,37.548653391377,서울특별시,마포구,합정동,412-26,마포구 합정동,36,779,60,0
MA010120220808231681,이미지팩토리,M1,과학·기술,M113,사진 촬영,M11301,사진촬영업,M73302,상업용 사진 촬영업,11680,강남구,11680545,압구정동,1168010700,신사동,1168010700105910013,서울특별시 강남구 신사동 591-13,116804166147,서울특별시 강남구 논현로154길,서울특별시 강남구 논현로154길 7,135893,6025,127.02875381417,37.5216481489056,서울특별시,강남구,신사동,591-13,강남구 신사동,27,560,41,0
MA010120220803204268,포토이즘박스,M1,과학·기술,M113,사진 촬영,M11301,사진촬영업,S96999,그 외 기타 달리 분류되지 않은 개인 서비스업,11290,성북구,11290705,종암동,1129013500,종암동,1129013500100160016,서울특별시 성북구 종암동 16-16,112903005036,서울특별시 성북구 종암로,서울특별시 성북구 종암로 98-4,136858,2797,127.03490653679,37.5989813338642,서울특별시,성북구,종암동,16-16,성북구 종암동,32,52,42,0
MA0101202306A0016154,그믐달셀프스튜디오,M1,과학·기술,M113,사진 촬영,M11301,사진촬영업,M73301,인물 사진 및 행사용 영상 촬영업,11170,용산구,11170555,청파동,1117011000,청파동2가,1117011000100630021,서울특별시 용산구 청파동2가 63-21,111704106365,서울특별시 용산구 청파로47길,서울특별시 용산구 청파로47길 78,140132,4310,126.966175792409,37.545093776067,서울특별시,용산구,청파동2가,63-21,용산구 청파동2가,82,163,36,0
MA0101202301A0034280,모노맨션,M1,과학·기술,M113,사진 촬영,M11301,사진촬영업,M73301,인물 사진 및 행사용 영상 촬영업,11710,송파구,11710650,잠실본동,1171010100,잠실동,1171010100101850007,서울특별시 송파구 잠실동 185-7,117104169204,서울특별시 송파구 백제고분로7길,서울특별시 송파구 백제고분로7길 54,138861,5559,127.084818810062,37.5106614895471,서울특별시,송파구,잠실동,185-7,송파구 잠실동,46,266,85,0
MA0101202209A0073207,그믐달셀프스튜디오,M1,과학·기술,M113,사진 촬영,M11301,사진촬영업,M73301,인물 사진 및 행사용 영상 촬영업,11440,마포구,11440660,서교동,1144012000,서교동,1144012000103660012,서울특별시 마포구 서교동 366-12,114403113015,서울특별시 마포구 어울마당로,서울특별시 마포구 어울마당로 79,121893,4042,126.921420292813,37.5521270193499,서울특별시,마포구,서교동,366-12,마포구 서교동,43,977,78,0
MA010120220812582309,수스튜디오,M1,과학·기술,M113,사진 촬영,M11301,사진촬영업,M73301,인물 사진 및 행사용 영상 촬영업,11140,중구,11140540,회현동,1114012000,봉래동2가,1114012000101220000,서울특별시 중구 봉래동2가 122,111403101023,서울특별시 중구 청파로,서울특별시 중구 청파로 426,100162,4509,126.969491243056,37.5574400165377,서울특별시,중구,봉래동2가,122,중구 봉래동2가,50,216,48,0
MA0101202305A0200537,그믐달셀프스튜디오,M1,과학·기술,M113,사진 촬영,M11301,사진촬영업,M73301,인물 사진 및 행사용 영상 촬영업,11440,마포구,11440680,합정동,1144012200,합정동,1144012200104120019,서울특별시 마포구 합정동 412-19,114404139090,서울특별시 마포구 독막로3길,서울특별시 마포구 독막로3길 8,121883,4047,126.916648382959,37.5487224546166,서울특별시,마포구,합정동,412-19,마포구 합정동,34,780,60,0
MA010120220813072663,포토이즘컬러드,M1,과학·기술,M113,사진 촬영,M11301,사진촬영업,M73301,인물 사진 및 행사용 영상 촬영업,11620,관악구,11620645,서원동,1162010200,신림동,1162010200116400044,서울특별시 관악구 신림동 1640-44,116203120005,서울특별시 관악구 신림로,서울특별시 관악구 신림로 323,151930,8776,126.929535090992,37.4832168596343,서울특별시,관악구,신림동,1640-44,관악구 신림동,32,357,121,0
MA010120220805458753,스튜디오8,M1,과학·기술,M113,사진 촬영,M11301,사진촬영업,M73302,상업용 사진 촬영업,11110,종로구,11110615,종로1.2.3.4가동,1111013800,종로2가,1111013800100750004,서울특별시 종로구 종로2가 75-4,111103100013,서울특별시 종로구 종로,서울특별시 종로구 종로 82-1,110122,3190,126.986638892883,37.5699327230244,서울특별시,종로구,종로2가,75-4,종로구 종로2가,44,683,64,0
MA010120220806154653,셀픽스,M1,과학·기술,M113,사진 촬영,M11301,사진촬영업,S96999,그 외 기타 달리 분류되지 않은 개인 서비스업,11440,마포구,11440680,합정동,1144012200,합정동,1144012200104120024,서울특별시 마포구 합정동 412-24,114404139430,서울특별시 마포구 양화로6길,서울특별시 마포구 양화로6길 54,121883,4047,126.917193213133,37.5486103171789,서울특별시,마포구,합정동,412-24,마포구 합정동,36,770,60,0
MA010120220806242270,포토그레이,M1,과학·기술,M113,사진 촬영,M11301,사진촬영업,S96999,그 외 기타 달리 분류되지 않은 개인 서비스업,11650,서초구,11650531,서초4동,1165010800,서초동,1165010800113080010,서울특별시 서초구 서초동 1308-10,116504163435,서울특별시 서초구 서초대로77길,서울특별시 서초구 서초대로77길 37,137856,6612,127.025085764296,37.5009838132703,서울특별시,서초구,서초동,1308-10,서초구 서초동,33,541,84,1
MA010120220808098178,인생네컷,M1,과학·기술,M113,사진 촬영,M11301,사진촬영업,M73301,인물 사진 및 행사용 영상 촬영업,11710,송파구,11710562,방이2동,1171011100,방이동,1171011100100340002,서울특별시 송파구 방이동 34-2,117104169374,서울특별시 송파구 오금로11길,서울특별시 송파구 오금로11길 11-8,138827,5542,127.108736083943,37.5149712259466,서울특별시,송파구,방이동,34-2,송파구 방이동,25,251,80,0
MA010120220808337558,포토이즘박스,M1,과학·기술,M113,사진 촬영,M11301,사진촬영업,M73301,인물 사진 및 행사용 영상 촬영업,11740,강동구,11740650,성내2동,1174010800,성내동,1174010800100420005,서울특별시 강동구 성내동 42-5,117404172411,서울특별시 강동구 천호옛14길,서울특별시 강동구 천호옛14길 23,134840,5379,127.126746302806,37.5361814909945,서울특별시,강동구,성내동,42-5,강동구 성내동,22,257,70,0
MA010120220810043669,매직포토,M1,과학·기술,M113,사진 촬영,M11301,사진촬영업,M73301,인물 사진 및 행사용 영상 촬영업,11410,서대문구,11410585,신촌동,1141011200,대현동,1141011200100400034,서울특별시 서대문구 대현동 40-34,114104136312,서울특별시 서대문구 이화여대1길,서울특별시 서대문구 이화여대1길 15,120808,3766,126.94490013454,37.557204795487,서울특별시,서대문구,대현동,40-34,서대문구 대현동,103,277,60,0
MA010120220811229811,포토이즘박스,M1,과학·기술,M113,사진 촬영,M11301,사진촬영업,S96999,그 외 기타 달리 분류되지 않은 개인 서비스업,11260,중랑구,11260580,상봉1동,1126010200,상봉동,1126010200105000000,서울특별시 중랑구 상봉동 500,112603005032,서울특별시 중랑구 망우로,서울특별시 중랑구 망우로 353,131221,2087,127.091605360196,37.5983230687909,서울특별시,중랑구,상봉동,500,중랑구 상봉동,46,213,96,0
MA010120220812025482,포토이즘,M1,과학·기술,M113,사진 촬영,M11301,사진촬영업,M73301,인물 사진 및 행사용 영상 촬영업,11620,관악구,11620645,서원동,1162010200,신림동,1162010200116400040,서울특별시 관악구 신림동 1640-40,116204160541,서울특별시 관악구 신림로59길,서울특별시 관악구 신림로59길 10,151930,8776,126.929174343966,37.4831415064803,서울특별시,관악구,신림동,1640-40,관악구 신림동,32,355,121,0
MA010120220812310532,하루필름,M1,과학·기술,M113,사진 촬영,M11301,사진촬영업,S96999,그 외 기타 달리 분류되지 않은 개인 서비스업,11200,성동구,11200550,사근동,1120010700,행당동,1120010700100030007,서울특별시 성동구 행당동 3-7,112004109208,서울특별시 성동구 마조로7길,서울특별시 성동구 마조로7길 13,133817,4760,127.039769474855,37.5607086169916,서울특별시,성동구,행당동,3-7,성동구 행당동,77,184,52,0
MA010120220812403599,추억저장소,M1,과학·기술,M113,사진 촬영,M11301,사진촬영업,M73303,사진 처리업,11260,중랑구,11260565,면목본동,1126010100,면목동,1126010100104830022,서울특별시 중랑구 면목동 483-22,112603005027,서울특별시 중랑구 면목로,서울특별시 중랑구 면목로 407,131201,2146,127.087548028445,37.5883802764632,서울특별시,중랑구,면목동,483-22,중랑구 면목동,34,268,123,0
MA010120220813554243,셀픽스,M1,과학·기술,M113,사진 촬영,M11301,사진촬영업,M73301,인물 사진 및 행사용 영상 촬영업,11350,노원구,11350595,공릉1동,1135010300,공릉동,1135010300105060036,서울특별시 노원구 공릉동 506-36,113504130179,서울특별시 노원구 동일로184길,서울특별시 노원구 동일로184길 69,139806,1843,127.07733838693,37.6247570822475,서울특별시,노원구,공릉동,506-36,노원구 공릉동,45,122,58,0
MA010120220814211629,하루필름,M1,과학·기술,M113,사진 촬영,M11301,사진촬영업,M73301,인물 사진 및 행사용 영상 촬영업,11740,강동구,11740620,천호3동,1174010900,천호동,1174010900104110054,서울특별시 강동구 천호동 411-54,117404172367,서울특별시 강동구 천호대로157길,서울특별시 강동구 천호대로157길 34,134871,5335,127.127695579428,37.5391980333517,서울특별시,강동구,천호동,411-54,강동구 천호동,25,253,68,0
MA0101202302A0110438,모노맨션,M1,과학·기술,M113,사진 촬영,M11301,사진촬영업,M73301,인물 사진 및 행사용 영상 촬영업,11620,관악구,11620645,서원동,1162010200,신림동,1162010200116400001,서울특별시 관악구 신림동 1640-1,116202000003,서울특별시 관악구 남부순환로,서울특별시 관악구 남부순환로 1598,151930,8776,126.928317553709,37.4837554622555,서울특별시,관악구,신림동,1640-1,관악구 신림동,32,355,117,0
MA010120220800196163,더스튜디오,M1,과학·기술,M113,사진 촬영,M11301,사진촬영업,M73302,상업용 사진 촬영업,11680,강남구,11680650,역삼2동,1168010100,역삼동,1168010100107290020,서울특별시 강남구 역삼동 729-20,116804166644,서울특별시 강남구 역삼로33길,서울특별시 강남구 역삼로33길 16,135921,6225,127.041633664847,37.4981907929972,서울특별시,강남구,역삼동,729-20,강남구 역삼동,25,238,53,0
MA010120220800369207,사진촬영업,M1,과학·기술,M113,사진 촬영,M11301,사진촬영업,M73301,인물 사진 및 행사용 영상 촬영업,11680,강남구,11680640,역삼1동,1168010100,역삼동,1168010100106710030,서울특별시 강남구 역삼동 671-30,116804166209,서울특별시 강남구 논현로98길,서울특별시 강남구 논현로98길 32,135915,6140,127.038162059715,37.5043348075093,서울특별시,강남구,역삼동,671-30,강남구 역삼동,23,246,45,0
MA010120220801883775,라이트하우스,M1,과학·기술,M113,사진 촬영,M11301,사진촬영업,M73301,인물 사진 및 행사용 영상 촬영업,11650,서초구,11650510,서초1동,1165010800,서초동,1165010800116570008,서울특별시 서초구 서초동 1657-8,116504163416,서울특별시 서초구 서초대로52길,서울특별시 서초구 서초대로52길 22,137881,6634,127.014381787425,37.4927584662974,서울특별시,서초구,서초동,1657-8,서초구 서초동,31,182,60,0
MA010120220803272209,하루필름,M1,과학·기술,M113,사진 촬영,M11301,사진촬영업,S96999,그 외 기타 달리 분류되지 않은 개인 서비스업,11410,서대문구,11410585,신촌동,1141011600,창천동,1141011600100130027,서울특별시 서대문구 창천동 13-27,114104136067,서울특별시 서대문구 명물길,서울특별시 서대문구 명물길 20,120833,3777,126.937909163679,37.5577458094583,서울특별시,서대문구,창천동,13-27,서대문구 창천동,79,369,67,0
MA010120220803644961,아토스튜디오,M1,과학·기술,M113,사진 촬영,M11301,사진촬영업,M73301,인물 사진 및 행사용 영상 촬영업,11170,용산구,11170625,한강로동,1117012500,한강로2가,1117012500100020196,서울특별시 용산구 한강로2가 2-196,111703005018,서울특별시 용산구 새창로,서울특별시 용산구 새창로 213,140871,4376,126.967248983334,37.5304611874171,서울특별시,용산구,한강로2가,2-196,용산구 한강로2가,25,226,34,0
MA010120220803766673,스튜디오8,M1,과학·기술,M113,사진 촬영,M11301,사진촬영업,M73301,인물 사진 및 행사용 영상 촬영업,11650,서초구,11650540,잠원동,1165010600,잠원동,1165010600100340011,서울특별시 서초구 잠원동 34-11,116504163458,서울특별시 서초구 신반포로43길,서울특별시 서초구 신반포로43길 35,137904,6529,127.017106886509,37.5117573637568,서울특별시,서초구,잠원동,34-11,서초구 잠원동,26,339,78,0
MA010120220803834045,팝콘스튜디오,M1,과학·기술,M113,사진 촬영,M11301,사진촬영업,M73301,인물 사진 및 행사용 영상 촬영업,11110,종로구,11110650,혜화동,1111017200,명륜4가,1111017200100580002,서울특별시 종로구 명륜4가 58-2,111104100032,서울특별시 종로구 대명길,서울특별시 종로구 대명길 35,110530,3078,126.999698023317,37.5829470149137,서울특별시,종로구,명륜4가,58-2,종로구 명륜4가,72,180,27,0
MA010120220804024763,스튜디오8,M1,과학·기술,M113,사진 촬영,M11301,사진촬영업,M73301,인물 사진 및 행사용 영상 촬영업,11680,강남구,11680521,논현1동,1168010800,논현동,1168010800100390013,서울특별시 강남구 논현동 39-13,116804166133,서울특별시 강남구 논현로135길,서울특별시 강남구 논현로135길 27,135815,6045,127.027698318906,37.5149356361693,서울특별시,강남구,논현동,39-13,강남구 논현동,27,506,82,0
MA010120220804418574,엘스튜디오,M1,과학·기술,M113,사진 촬영,M11301,사진촬영업,M73301,인물 사진 및 행사용 영상 촬영업,11710,송파구,11710680,잠실3동,1171010100,잠실동,1171010100100400001,서울특별시 송파구 잠실동 40-1,117102005011,서울특별시 송파구 송파대로,서울특별시 송파구 송파대로 521,138721,5554,127.100801051691,37.5116492541803,서울특별시,송파구,잠실동,40-1,송파구 잠실동,24,279,92,0
MA010120220804958168,모노맨션,M1,과학·기술,M113,사진 촬영,M11301,사진촬영업,M73301,인물 사진 및 행사용 영상 촬영업,11110,종로구,11110615,종로1.2.3.4가동,1111013700,낙원동,1111013700101190000,서울특별시 종로구 낙원동 119,111104100051,서울특별시 종로구 돈화문로11길,서울특별시 종로구 돈화문로11길 34-3,110320,3133,126.989441686899,37.5727860194335,서울특별시,종로구,낙원동,119,종로구 낙원동,51,623,58,0
MA010120220805200409,폴라스튜디오,M1,과학·기술,M113,사진 촬영,M11301,사진촬영업,S96999,그 외 기타 달리 분류되지 않은 개인 서비스업,11440,마포구,11440660,서교동,1144012000,서교동,1144012000103960031,서울특별시 마포구 서교동 396-31,114404139090,서울특별시 마포구 독막로3길,서울특별시 마포구 독막로3길 18,121840,4047,126.916881050856,37.5490669841738,서울특별시,마포구,서교동,396-31,마포구 서교동,38,785,60,0
MA0101202302A0015032,시안사진관,M1,과학·기술,M113,사진 촬영,M11301,사진촬영업,M73301,인물 사진 및 행사용 영상 촬영업,11680,강남구,11680531,논현2동,1168010800,논현동,1168010800101110021,서울특별시 강남구 논현동 111-21,116804166463,서울특별시 강남구 선릉로135길,서울특별시 강남구 선릉로135길 3,135820,6059,127.040331407151,37.518643168933,서울특별시,강남구,논현동,111-21,강남구 논현동,33,518,25,0
MA0101202307A0029168,시안사진관,M1,과학·기술,M113,사진 촬영,M11301,사진촬영업,M73301,인물 사진 및 행사용 영상 촬영업,11500,강서구,11500603,가양1동,1150010500,마곡동,1150010500107710004,서울특별시 강서구 마곡동 771-4,115003155054,서울특별시 강서구 마곡중앙6로,서울특별시 강서구 마곡중앙6로 21,157805,7801,126.829602811066,37.560821502214,서울특별시,강서구,마곡동,771-4,강서구 마곡동,36,281,30,0
MA010120220808074966,인생네컷,M1,과학·기술,M113,사진 촬영,M11301,사진촬영업,S96999,그 외 기타 달리 분류되지 않은 개인 서비스업,11380,은평구,11380551,갈현1동,1138010400,갈현동,1138010400103990007,서울특별시 은평구 갈현동 399-7,113804133160,서울특별시 은평구 연서로29길,서울특별시 은평구 연서로29길 8,122809,3330,126.919244201751,37.6189097974931,서울특별시,은평구,갈현동,399-7,은평구 갈현동,52,199,79,0
MA010120220808200171,제이에스스튜디오,M1,과학·기술,M113,사진 촬영,M11301,사진촬영업,M73301,인물 사진 및 행사용 영상 촬영업,11500,강서구,11500611,발산1동,1150010500,마곡동,1150010500108000015,서울특별시 강서구 마곡동 800-15,115003155052,서울특별시 강서구 마곡중앙2로,서울특별시 강서구 마곡중앙2로 35,157210,7806,126.830518705215,37.5579833207238,서울특별시,강서구,마곡동,800-15,강서구 마곡동,47,194,26,0
MA010120220808137764,나인포토,M1,과학·기술,M113,사진 촬영,M11301,사진촬영업,M73301,인물 사진 및 행사용 영상 촬영업,11710,송파구,11710562,방이2동,1171011100,방이동,1171011100100670002,서울특별시 송파구 방이동 67-2,117104169376,서울특별시 송파구 오금로15길,서울특별시 송파구 오금로15길 5-12,138829,5548,127.108639846323,37.5126007165504,서울특별시,송파구,방이동,67-2,송파구 방이동,18,277,92,0
MA010120220808708077,추억저장소,M1,과학·기술,M113,사진 촬영,M11301,사진촬영업,M73303,사진 처리업,11620,관악구,11620665,서림동,1162010200,신림동,1162010200101080082,서울특별시 관악구 신림동 108-82,116204160514,서울특별시 관악구 신림로30길,서울특별시 관악구 신림로30길 11-23,151855,8837,126.936415433308,37.4732412862431,서울특별시,관악구,신림동,108-82,관악구 신림동,41,102,31,0
MA010120220810574596,포토시그니처,M1,과학·기술,M113,사진 촬영,M11301,사진촬영업,S96999,그 외 기타 달리 분류되지 않은 개인 서비스업,11200,성동구,11200670,성수2가1동,1120011500,성수동2가,1120011500103210007,서울특별시 성동구 성수동2가 321-7,112004109413,서울특별시 성동구 연무장길,서울특별시 성동구 연무장길 50,133827,4781,127.054815796974,37.5424936849136,서울특별시,성동구,성수동2가,321-7,성동구 성수동2가,45,272,74,0
MA010120220810537851,스튜디오엠,M1,과학·기술,M113,사진 촬영,M11301,사진촬영업,M73301,인물 사진 및 행사용 영상 촬영업,11560,영등포구,11560605,문래동,1156012300,문래동5가,1156012300100100000,서울특별시 영등포구 문래동5가 10,115604154444,서울특별시 영등포구 선유로3길,서울특별시 영등포구 선유로3길 10,150095,7285,126.886805284563,37.5160344708142,서울특별시,영등포구,문래동5가,10,영등포구 문래동5가,40,186,18,0
MA010120220812060584,코닥사진관,M1,과학·기술,M113,사진 촬영,M11301,사진촬영업,M73301,인물 사진 및 행사용 영상 촬영업,11260,중랑구,11260565,면목본동,1126010100,면목동,1126010100105010004,서울특별시 중랑구 면목동 501-4,112603005027,서울특별시 중랑구 면목로,서울특별시 중랑구 면목로 361,131818,2220,127.088231510187,37.5843308508711,서울특별시,중랑구,면목동,501-4,중랑구 면목동,27,161,87,0
MA010120220812147838,더스튜디오,M1,과학·기술,M113,사진 촬영,M11301,사진촬영업,M73301,인물 사진 및 행사용 영상 촬영업,11290,성북구,11290660,길음1동,1129013400,길음동,1129013400111790000,서울특별시 성북구 길음동 1179,112904121284,서울특별시 성북구 삼양로9길,서울특별시 성북구 삼양로9길 18,136807,2724,127.022075575949,37.6085168318303,서울특별시,성북구,길음동,1179,성북구 길음동,65,133,34,0
MA010120220813116715,와이제이사진관,M1,과학·기술,M113,사진 촬영,M11301,사진촬영업,M73301,인물 사진 및 행사용 영상 촬영업,11710,송파구,11710562,방이2동,1171011100,방이동,1171011100100650000,서울특별시 송파구 방이동 65,117103123014,서울특별시 송파구 오금로,서울특별시 송파구 오금로 91,138828,5548,127.107638559647,37.5140438599533,서울특별시,송파구,방이동,65,송파구 방이동,26,260,81,0
MA010120220813123546,포토그레이,M1,과학·기술,M113,사진 촬영,M11301,사진촬영업,M73301,인물 사진 및 행사용 영상 촬영업,11110,종로구,11110600,가회동,1111014700,재동,1111014700100840040,서울특별시 종로구 재동 84-40,111103100004,서울특별시 종로구 북촌로,서울특별시 종로구 북촌로 14,110260,3059,126.98571409203,37.5780251384055,서울특별시,종로구,재동,84-40,종로구 재동,62,361,38,0
MA010120220801021670,제이에스스튜디오,M1,과학·기술,M113,사진 촬영,M11301,사진촬영업,M73301,인물 사진 및 행사용 영상 촬영업,11710,송파구,11710600,석촌동,1171010500,석촌동,1171010500102470011,서울특별시 송파구 석촌동 247-11,117104169024,서울특별시 송파구 가락로5길,서울특별시 송파구 가락로5길 30,138845,5681,127.101289656978,37.5020296647032,서울특별시,송파구,석촌동,247-11,송파구 석촌동,34,144,72,0
MA010120220801033179,라이트하우스,M1,과학·기술,M113,사진 촬영,M11301,사진촬영업,M73302,상업용 사진 촬영업,11170,용산구,11170625,한강로동,1117012800,한강로3가,1117012800100400793,서울특별시 용산구 한강로3가 40-793,111704106276,서울특별시 용산구 이촌로29길,서울특별시 용산구 이촌로29길 21-14,140880,4380,126.960105376896,37.5250733182752,서울특별시,용산구,한강로3가,40-793,용산구 한강로3가,11,59,5,0
MA010120220801376773,우리동네사진관,M1,과학·기술,M113,사진 촬영,M11301,사진촬영업,M73301,인물 사진 및 행사용 영상 촬영업,11110,종로구,11110650,혜화동,1111017200,명륜4가,1111017200100080001,서울특별시 종로구 명륜4가 8-1,111104100032,서울특별시 종로구 대명길,서울특별시 종로구 대명길 9,110530,3078,127.000937894253,37.5833629838218,서울특별시,종로구,명륜4가,8-1,종로구 명륜4가,72,188,32,0
MA010120220803071098,포토그레이,M1,과학·기술,M113,사진 촬영,M11301,사진촬영업,M73301,인물 사진 및 행사용 영상 촬영업,11410,서대문구,11410685,홍은2동,1141011800,홍은동,1141011800104090037,서울특별시 서대문구 홍은동 409-37,114103112003,서울특별시 서대문구 거북골로,서울특별시 서대문구 거북골로 19,120848,3662,126.925247994337,37.5803193469003,서울특별시,서대문구,홍은동,409-37,서대문구 홍은동,60,64,22,0
MA010120220804019150,봄스튜디오,M1,과학·기술,M113,사진 촬영,M11301,사진촬영업,M73302,상업용 사진 촬영업,11290,성북구,11290525,성북동,1129010100,성북동,1129010100200250168,서울특별시 성북구 성북동 산25-168,112904121334,서울특별시 성북구 성북로23길,서울특별시 성북구 성북로23길 85-4,136822,2879,126.992410427355,37.5927424019171,서울특별시,성북구,성북동,산25-168,성북구 성북동,54,12,1,0
MA0101202301A0046502,포토이즘박스,M1,과학·기술,M113,사진 촬영,M11301,사진촬영업,S96999,그 외 기타 달리 분류되지 않은 개인 서비스업,11590,동작구,11590620,사당1동,1159010700,사당동,1159010700110320033,서울특별시 동작구 사당동 1032-33,115904157156,서울특별시 동작구 동작대로3길,서울특별시 동작구 동작대로3길 20,156826,7015,126.980334534992,37.4784310854308,서울특별시,동작구,사당동,1032-33,동작구 사당동,27,308,95,0
MA0101202209A0074529,폴라스튜디오,M1,과학·기술,M113,사진 촬영,M11301,사진촬영업,S96999,그 외 기타 달리 분류되지 않은 개인 서비스업,11470,양천구,11470510,목1동,1147010200,목동,1147010200104060180,서울특별시 양천구 목동 406-180,114703114014,서울특별시 양천구 오목로,서울특별시 양천구 오목로 337,158806,7999,126.874920693926,37.52479710547,서울특별시,양천구,목동,406-180,양천구 목동,34,109,33,0
MA0101202212A0064396,모노맨션,M1,과학·기술,M113,사진 촬영,M11301,사진촬영업,M73301,인물 사진 및 행사용 영상 촬영업,11710,송파구,11710562,방이2동,1171011100,방이동,1171011100100610007,서울특별시 송파구 방이동 61-7,117104169429,서울특별시 송파구 올림픽로32길,서울특별시 송파구 올림픽로32길 27,138828,5547,127.109768190909,37.5137896126242,서울특별시,송파구,방이동,61-7,송파구 방이동,23,260,84,0
MA0106202301A0369383,사람사진으로쓰는이야기,M1,과학·기술,M113,사진 촬영,M11301,사진촬영업,M73303,사진 처리업,11680,강남구,11680531,논현2동,1168010800,논현동,1168010800100790004,서울특별시 강남구 논현동 79-4,116804166134,서울특별시 강남구 논현로136길,서울특별시 강남구 논현로136길 15,135995,6051,127.031244163198,37.5162803093862,서울특별시,강남구,논현동,79-4,강남구 논현동,24,384,36,0
MA0101202302A0021782,포토시그니처,M1,과학·기술,M113,사진 촬영,M11301,사진촬영업,S96999,그 외 기타 달리 분류되지 않은 개인 서비스업,11140,중구,11140550,명동,1114012500,충무로2가,1114012500100090000,서울특별시 중구 충무로2가 9,111404103160,서울특별시 중구 명동8가길,서울특별시 중구 명동8가길 19,100860,4537,126.986033770682,37.5619623149204,서울특별시,중구,충무로2가,9,중구 충무로2가,36,580,77,0
MA0101202303A0106397,스튜디오앳,M1,과학·기술,M113,사진 촬영,M11301,사진촬영업,M73301,인물 사진 및 행사용 영상 촬영업,11650,서초구,11650610,방배2동,1165010100,방배동,1165010100104750004,서울특별시 서초구 방배동 475-4,116504163107,서울특별시 서초구 도구로1길,서울특별시 서초구 도구로1길 57,137819,6694,126.986560055022,37.4779079733122,서울특별시,서초구,방배동,475-4,서초구 방배동,34,230,75,0
MA0101202303A0009294,포토이즘박스,M1,과학·기술,M113,사진 촬영,M11301,사진촬영업,S96999,그 외 기타 달리 분류되지 않은 개인 서비스업,11350,노원구,11350560,월계1동,1135010200,월계동,1135010200104110053,서울특별시 노원구 월계동 411-53,113503110004,서울특별시 노원구 석계로,서울특별시 노원구 석계로 95,139846,1893,127.061161895929,37.6229084974692,서울특별시,노원구,월계동,411-53,노원구 월계동,46,50,40,0
MA0101202306A0013039,인생네컷,M1,과학·기술,M113,사진 촬영,M11301,사진촬영업,M73301,인물 사진 및 행사용 영상 촬영업,11560,영등포구,11560605,문래동,1156012000,문래동2가,1156012000100410001,서울특별시 영등포구 문래동2가 41-1,115604154054,서울특별시 영등포구 경인로79길,서울특별시 영등포구 경인로79길 13,150092,7290,126.893896678002,37.5130465610169,서울특별시,영등포구,문래동2가,41-1,영등포구 문래동2가,44,219,34,0
MA0101202308A0104874,코즈닉스튜디오,M1,과학·기술,M113,사진 촬영,M11301,사진촬영업,M73301,인물 사진 및 행사용 영상 촬영업,11215,광진구,11215730,군자동,1121510900,군자동,1121510900104630009,서울특별시 광진구 군자동 463-9,112152000008,서울특별시 광진구 천호대로,서울특별시 광진구 천호대로 502,143838,4994,127.07416683106,37.5589109530318,서울특별시,광진구,군자동,463-9,광진구 군자동,38,218,82,0
MA0101202310A0096836,비비드뮤지엄,M1,과학·기술,M113,사진 촬영,M11301,사진촬영업,M73301,인물 사진 및 행사용 영상 촬영업,11215,광진구,11215710,화양동,1121510700,화양동,1121510700100080099,서울특별시 광진구 화양동 8-99,112154112197,서울특별시 광진구 동일로22길,서울특별시 광진구 동일로22길 91,143914,5017,127.069306039372,37.5411220463313,서울특별시,광진구,화양동,8-99,광진구 화양동,56,414,136,0
MA0101202310A0005995,키다리아저씨사진관,M1,과학·기술,M113,사진 촬영,M11301,사진촬영업,M73301,인물 사진 및 행사용 영상 촬영업,11380,은평구,11380530,불광2동,1138010300,불광동,1138010300103100035,서울특별시 은평구 불광동 310-35,113803000008,서울특별시 은평구 통일로,서울특별시 은평구 통일로 852,122860,3345,126.921265432704,37.6193517767265,서울특별시,은평구,불광동,310-35,은평구 불광동,44,196,79,0
MA0101202311A0053156,코즈닉스튜디오,M1,과학·기술,M113,사진 촬영,M11301,사진촬영업,M73301,인물 사진 및 행사용 영상 촬영업,11290,성북구,11290575,동선동,1129011600,동선동1가,1129011600100030006,서울특별시 성북구 동선동1가 3-6,112904121095,서울특별시 성북구 동소문로20다길,서울특별시 성북구 동소문로20다길 11,136051,2845,127.017311584236,37.5918350635671,서울특별시,성북구,동선동1가,3-6,성북구 동선동1가,75,215,52,0
MA0101202311A0044960,아더스튜디오,M1,과학·기술,M113,사진 촬영,M11301,사진촬영업,M73301,인물 사진 및 행사용 영상 촬영업,11650,서초구,11650652,양재2동,1165010200,양재동,1165010200102560005,서울특별시 서초구 양재동 256-5,116504163498,서울특별시 서초구 언남길,서울특별시 서초구 언남길 51,137894,6777,127.043043199669,37.4736934406509,서울특별시,서초구,양재동,256-5,서초구 양재동,37,114,56,0
MA010120220808727343,뉴페이스스튜디오,M1,과학·기술,M113,사진 촬영,M11301,사진촬영업,M73301,인물 사진 및 행사용 영상 촬영업,11215,광진구,11215847,자양4동,1121510500,자양동,1121510500100070021,서울특별시 광진구 자양동 7-21,112154112196,서울특별시 광진구 동일로20길,서울특별시 광진구 동일로20길 85,143841,5073,127.068231824221,37.5401494497684,서울특별시,광진구,자양동,7-21,광진구 자양동,47,424,138,0
MA010120220807122485,아름다운사진,M1,과학·기술,M113,사진 촬영,M11301,사진촬영업,M73301,인물 사진 및 행사용 영상 촬영업,11620,관악구,11620685,신사동,1162010200,신림동,1162010200104670040,서울특별시 관악구 신림동 467-40,116204160208,서울특별시 관악구 남부순환로163다길,서울특별시 관악구 남부순환로163다길 23,151893,8763,126.922582372764,37.4855053982732,서울특별시,관악구,신림동,467-40,관악구 신림동,36,370,130,0
MA0101202306A0064122,하루필름,M1,과학·기술,M113,사진 촬영,M11301,사진촬영업,M73302,상업용 사진 촬영업,11140,중구,11140605,을지로동,1114016100,저동2가,1114016100100070002,서울특별시 중구 저동2가 7-2,111404103233,서울특별시 중구 을지로12길,서울특별시 중구 을지로12길 28,100032,4550,126.990551970111,37.565172703705,서울특별시,중구,저동2가,7-2,중구 저동2가,38,704,72,0
MA0106202304A0418115,더필름,M1,과학·기술,M113,사진 촬영,M11301,사진촬영업,M73301,인물 사진 및 행사용 영상 촬영업,11410,서대문구,11410585,신촌동,1141011200,대현동,1141011200100330015,서울특별시 서대문구 대현동 33-15,114104136322,서울특별시 서대문구 이화여대길,서울특별시 서대문구 이화여대길 58,120808,3765,126.94522212385,37.5592530338968,서울특별시,서대문구,대현동,33-15,서대문구 대현동,94,272,58,0
MA010120220812449964,포토시그니처,M1,과학·기술,M113,사진 촬영,M11301,사진촬영업,S96999,그 외 기타 달리 분류되지 않은 개인 서비스업,11200,성동구,11200550,사근동,1120010700,행당동,1120010700100190009,서울특별시 성동구 행당동 19-9,112003103002,서울특별시 성동구 마조로,서울특별시 성동구 마조로 21,133817,4760,127.040809885254,37.5598971216855,서울특별시,성동구,행당동,19-9,성동구 행당동,67,182,49,0
MA010120220811961935,포토이즘박스,M1,과학·기술,M113,사진 촬영,M11301,사진촬영업,S96999,그 외 기타 달리 분류되지 않은 개인 서비스업,11560,영등포구,11560605,문래동,1156012000,문래동2가,1156012000100140042,서울특별시 영등포구 문래동2가 14-42,115604154228,서울특별시 영등포구 도림로131길,서울특별시 영등포구 도림로131길 13,150092,7290,126.894305174024,37.5137261680668,서울특별시,영등포구,문래동2가,14-42,영등포구 문래동2가,42,223,29,0
MA0106202301A0369384,사람사진으로쓰는이야기,M1,과학·기술,M113,사진 촬영,M11301,사진촬영업,M73303,사진 처리업,11680,강남구,11680531,논현2동,1168010800,논현동,1168010800100850002,서울특별시 강남구 논현동 85-2,116804166130,서울특별시 강남구 논현로132길,서울특별시 강남구 논현로132길 31,135818,6053,127.032937733033,37.5156544404711,서울특별시,강남구,논현동,85-2,강남구 논현동,22,328,28,0
MA010120220804016490,더스튜디오,M1,과학·기술,M113,사진 촬영,M11301,사진촬영업,M73301,인물 사진 및 행사용 영상 촬영업,11680,강남구,11680545,압구정동,1168010700,신사동,1168010700105920007,서울특별시 강남구 신사동 592-7,116804166516,서울특별시 강남구 압구정로30길,서울특별시 강남구 압구정로30길 78,135893,6025,127.028779223539,37.5223061255899,서울특별시,강남구,신사동,592-7,강남구 신사동,28,576,43,0
MA010120220801047029,스튜디오밥,M1,과학·기술,M113,사진 촬영,M11301,사진촬영업,M73301,인물 사진 및 행사용 영상 촬영업,11650,서초구,11650540,잠원동,1165010600,잠원동,1165010600100140017,서울특별시 서초구 잠원동 14-17,116503121002,서울특별시 서초구 나루터로,서울특별시 서초구 나루터로 73,137902,6525,127.01779044609,37.5157006478671,서울특별시,서초구,잠원동,14-17,서초구 잠원동,17,318,58,1
MA010120220814145498,아더스튜디오,M1,과학·기술,M113,사진 촬영,M11301,사진촬영업,M73301,인물 사진 및 행사용 영상 촬영업,11680,강남구,11680640,역삼1동,1168010100,역삼동,1168010100107890017,서울특별시 강남구 역삼동 789-17,116804166192,서울특별시 강남구 논현로71길,서울특별시 강남구 논현로71길 26,135929,6249,127.037258104543,37.4945780215064,서울특별시,강남구,역삼동,789-17,강남구 역삼동,32,282,56,0
MA010120220808779845,와이제이사진관,M1,과학·기술,M113,사진 촬영,M11301,사진촬영업,M73301,인물 사진 및 행사용 영상 촬영업,11650,서초구,11650581,반포4동,1165010700,반포동,1165010700100550006,서울특별시 서초구 반포동 55-6,116504163043,서울특별시 서초구 고무래로8길,서울특별시 서초구 고무래로8길 2,137803,6593,127.010506671376,37.5027638142378,서울특별시,서초구,반포동,55-6,서초구 반포동,36,45,14,0
MA010120220810239398,수스튜디오,M1,과학·기술,M113,사진 촬영,M11301,사진촬영업,M73301,인물 사진 및 행사용 영상 촬영업,11215,광진구,11215750,중곡2동,1121510100,중곡동,1121510100100470024,서울특별시 광진구 중곡동 47-24,112153104007,서울특별시 광진구 능동로,서울특별시 광진구 능동로 352-1,143885,4927,127.081738272417,37.5608082240834,서울특별시,광진구,중곡동,47-24,광진구 중곡동,27,215,89,0
MA010120220807804015,포토시그니처,M1,과학·기술,M113,사진 촬영,M11301,사진촬영업,S96999,그 외 기타 달리 분류되지 않은 개인 서비스업,11620,관악구,11620645,서원동,1162010200,신림동,1162010200116400007,서울특별시 관악구 신림동 1640-7,116202000003,서울특별시 관악구 남부순환로,서울특별시 관악구 남부순환로 1606,151930,8776,126.929072840718,37.4839154895354,서울특별시,관악구,신림동,1640-7,관악구 신림동,33,355,120,0
MA010120220802514702,인생네컷,M1,과학·기술,M113,사진 촬영,M11301,사진촬영업,M73301,인물 사진 및 행사용 영상 촬영업,11710,송파구,11710650,잠실본동,1171010100,잠실동,1171010100101910007,서울특별시 송파구 잠실동 191-7,117104169204,서울특별시 송파구 백제고분로7길,서울특별시 송파구 백제고분로7길 24,138862,5560,127.081473101966,37.5104643188326,서울특별시,송파구,잠실동,191-7,송파구 잠실동,39,248,79,0
MA010120220805227736,하루필름,M1,과학·기술,M113,사진 촬영,M11301,사진촬영업,S96999,그 외 기타 달리 분류되지 않은 개인 서비스업,11170,용산구,11170650,이태원1동,1117013000,이태원동,1117013000101290004,서울특별시 용산구 이태원동 129-4,111704106307,서울특별시 용산구 이태원로26길,서울특별시 용산구 이태원로26길 16,140865,4391,126.993273390631,37.5336863953628,서울특별시,용산구,이태원동,129-4,용산구 이태원동,16,478,15,0
MA0101202307A0002079,키다리아저씨사진관,M1,과학·기술,M113,사진 촬영,M11301,사진촬영업,M73301,인물 사진 및 행사용 영상 촬영업,11710,송파구,11710562,방이2동,1171011100,방이동,1171011100100640000,서울특별시 송파구 방이동 64,117104169374,서울특별시 송파구 오금로11길,서울특별시 송파구 오금로11길 6,138828,5548,127.107930494176,37.5142262767855,서울특별시,송파구,방이동,64,송파구 방이동,25,260,82,0
MA010120220805962116,하루필름,M1,과학·기술,M113,사진 촬영,M11301,사진촬영업,M73301,인물 사진 및 행사용 영상 촬영업,11200,성동구,11200660,성수1가2동,1120011400,성수동1가,1120011400106680049,서울특별시 성동구 성수동1가 668-49,112004109318,서울특별시 성동구 서울숲2길,서울특별시 성동구 서울숲2길 45,133824,4768,127.043596479259,37.546440049218,서울특별시,성동구,성수동1가,668-49,성동구 성수동1가,41,154,30,0
MA0101202211A0092531,에브리세컨드,M1,과학·기술,M113,사진 촬영,M11301,사진촬영업,M73301,인물 사진 및 행사용 영상 촬영업,11200,성동구,11200660,성수1가2동,1120011400,성수동1가,1120011400106680023,서울특별시 성동구 성수동1가 668-23,112004109319,서울특별시 성동구 서울숲4길,서울특별시 성동구 서울숲4길 23-1,133824,4768,127.043677564521,37.5471795661395,서울특별시,성동구,성수동1가,668-23,성동구 성수동1가,45,150,31,0
MA0106202305A2269532,에브리세컨드,M1,과학·기술,M113,사진 촬영,M11301,사진촬영업,M73301,인물 사진 및 행사용 영상 촬영업,11680,강남구,11680640,역삼1동,1168010100,역삼동,1168010100108170006,서울특별시 강남구 역삼동 817-6,116804166722,서울특별시 강남구 테헤란로1길,서울특별시 강남구 테헤란로1길 32,135931,6129,127.02744588141,37.5003905506072,서울특별시,강남구,역삼동,817-6,강남구 역삼동,30,540,86,0
MA0101202311A0052552,하루필름,M1,과학·기술,M113,사진 촬영,M11301,사진촬영업,M73301,인물 사진 및 행사용 영상 촬영업,11350,노원구,11350600,공릉2동,1135010300,공릉동,1135010300103200103,서울특별시 노원구 공릉동 320-103,113504130006,서울특별시 노원구 공릉로27길,서울특별시 노원구 공릉로27길 16,139802,1837,127.078293729234,37.6217010131149,서울특별시,노원구,공릉동,320-103,노원구 공릉동,40,137,66,0
MA010120220804047300,포토하임,M1,과학·기술,M113,사진 촬영,M11301,사진촬영업,S96999,그 외 기타 달리 분류되지 않은 개인 서비스업,11530,구로구,11530540,구로3동,1153010200,구로동,1153010200111240084,서울특별시 구로구 구로동 1124-84,115304148338,서울특별시 구로구 디지털로32나길,서울특별시 구로구 디지털로32나길 19,152880,8391,126.900418309954,37.4840847755536,서울특별시,구로구,구로동,1124-84,구로구 구로동,38,234,116,0
MA010120220805640537,스튜디오,M1,과학·기술,M113,사진 촬영,M11301,사진촬영업,M73301,인물 사진 및 행사용 영상 촬영업,11440,마포구,11440600,대흥동,1144010800,대흥동,1144010800100320016,서울특별시 마포구 대흥동 32-16,114404139039,서울특별시 마포구 대흥로20길,서울특별시 마포구 대흥로20길 16,121809,4136,126.944886937469,37.5501134856918,서울특별시,마포구,대흥동,32-16,마포구 대흥동,79,137,40,0
MA010120220800008702,포토클럽,M1,과학·기술,M113,사진 촬영,M11301,사진촬영업,M73301,인물 사진 및 행사용 영상 촬영업,11350,노원구,11350640,상계2동,1135010500,상계동,1135010500103930032,서울특별시 노원구 상계동 393-32,113504130274,서울특별시 노원구 상계로17길,서울특별시 노원구 상계로17길 37,139818,1685,127.066903789035,37.6592658117349,서울특별시,노원구,상계동,393-32,노원구 상계동,61,264,116,0
MA010120220808187634,인생네컷,M1,과학·기술,M113,사진 촬영,M11301,사진촬영업,M73303,사진 처리업,11110,종로구,11110650,혜화동,1111017100,명륜2가,1111017100101860002,서울특별시 종로구 명륜2가 186-2,111104100032,서울특별시 종로구 대명길,서울특별시 종로구 대명길 42,110530,3077,126.999278550523,37.5829885114175,서울특별시,종로구,명륜2가,186-2,종로구 명륜2가,74,171,26,0
MA010120220805929169,포토이즘박스,M1,과학·기술,M113,사진 촬영,M11301,사진촬영업,M73301,인물 사진 및 행사용 영상 촬영업,11680,강남구,11680640,역삼1동,1168010100,역삼동,1168010100106190003,서울특별시 강남구 역삼동 619-3,116804166003,서울특별시 강남구 강남대로102길,서울특별시 강남구 강남대로102길 16,135908,6128,127.027163577727,37.5021002299312,서울특별시,강남구,역삼동,619-3,강남구 역삼동,29,566,89,1
MA010120220800162489,포토이즘박스,M1,과학·기술,M113,사진 촬영,M11301,사진촬영업,M73301,인물 사진 및 행사용 영상 촬영업,11500,강서구,11500603,가양1동,1150010500,마곡동,1150010500107970012,서울특별시 강서구 마곡동 797-12,115004145565,서울특별시 강서구 마곡동로4길,서울특별시 강서구 마곡동로4길 23,157805,7803,126.83618605636,37.5596341499026,서울특별시,강서구,마곡동,797-12,강서구 마곡동,46,213,34,0
MA010120220800801909,나인포토,M1,과학·기술,M113,사진 촬영,M11301,사진촬영업,M73301,인물 사진 및 행사용 영상 촬영업,11650,서초구,11650540,잠원동,1165010600,잠원동,1165010600100340024,서울특별시 서초구 잠원동 34-24,116504163458,서울특별시 서초구 신반포로43길,서울특별시 서초구 신반포로43길 45,137904,6529,127.017598980965,37.5121849522905,서울특별시,서초구,잠원동,34-24,서초구 잠원동,24,355,77,0
MA010120220800051630,모션픽쳐,M1,과학·기술,M113,사진 촬영,M11301,사진촬영업,M73301,인물 사진 및 행사용 영상 촬영업,11500,강서구,11500611,발산1동,1150010500,마곡동,1150010500108010001,서울특별시 강서구 마곡동 801-1,115002005007,서울특별시 강서구 공항대로,서울특별시 강서구 공항대로 242,157210,7805,126.834313999484,37.5584713707099,서울특별시,강서구,마곡동,801-1,강서구 마곡동,46,207,32,0
MA0101202302A0109491,포토이즘박스,M1,과학·기술,M113,사진 촬영,M11301,사진촬영업,S96999,그 외 기타 달리 분류되지 않은 개인 서비스업,11440,마포구,11440690,망원1동,1144012300,망원동,1144012300104000018,서울특별시 마포구 망원동 400-18,114403113024,서울특별시 마포구 포은로,서울특별시 마포구 포은로 88,121820,4014,126.905377291463,37.5548807165523,서울특별시,마포구,망원동,400-18,마포구 망원동,35,227,45,0
MA0101202306A0049293,하루필름,M1,과학·기술,M113,사진 촬영,M11301,사진촬영업,S96999,그 외 기타 달리 분류되지 않은 개인 서비스업,11410,서대문구,11410585,신촌동,1141011600,창천동,1141011600100520049,서울특별시 서대문구 창천동 52-49,114104136245,서울특별시 서대문구 연세로7안길,서울특별시 서대문구 연세로7안길 1,120834,3788,126.936165740965,37.5577751649138,서울특별시,서대문구,창천동,52-49,서대문구 창천동,64,485,76,0
MA010120220804019629,아토스튜디오,M1,과학·기술,M113,사진 촬영,M11301,사진촬영업,M73301,인물 사진 및 행사용 영상 촬영업,11680,강남구,11680531,논현2동,1168010800,논현동,1168010800102320002,서울특별시 강남구 논현동 232-2,116804166564,서울특별시 강남구 언주로113길,서울특별시 강남구 언주로113길 17,135830,6109,127.035929315226,37.5090921947557,서울특별시,강남구,논현동,232-2,강남구 논현동,21,248,40,0
